Chr,Start,End,Ref,Alt,Func.refGene,Gene.refGene,GeneDetail.refGene,ExonicFunc.refGene,AAChange.refGene,Xref.refGene,cytoBand,ExAC_ALL,ExAC_AFR,ExAC_AMR,ExAC_EAS,ExAC_FIN,ExAC_NFE,ExAC_OTH,ExAC_SAS,avsnp147,SIFT_score,SIFT_pred,Polyphen2_HDIV_score,Polyphen2_HDIV_pred,Polyphen2_HVAR_score,Polyphen2_HVAR_pred,LRT_score,LRT_pred,MutationTaster_score,MutationTaster_pred,MutationAssessor_score,MutationAssessor_pred,FATHMM_score,FATHMM_pred,PROVEAN_score,PROVEAN_pred,VEST3_score,CADD_raw,CADD_phred,DANN_score,fathmm-MKL_coding_score,fathmm-MKL_coding_pred,MetaSVM_score,MetaSVM_pred,MetaLR_score,MetaLR_pred,integrated_fitCons_score,integrated_confidence_value,GERP++_RS,phyloP7way_vertebrate,phyloP20way_mammalian,phastCons7way_vertebrate,phastCons20way_mammalian,SiPhy_29way_logOdds
1,117491906,117491906,G,A,exonic,PTGFRN,.,nonsynonymous SNV,PTGFRN:NM_020440:exon4:c.G925A:p.V309I,.,1p13.1,1.65E-05,0,0,0,0,1.50E-05,0,6.07E-05,rs749317571,0.521,T,0.056,B,0.01,B,0.999,N,1,N,0.255,N,1.57,T,-0.31,N,0.052,-1.023,0.014,0.828,0.032,N,-0.965,T,0.01,T,0.722,0,-5.82,-0.362,-1.867,0.177,0.003,6.317
9,990408,990408,T,C,exonic,DMRT3,.,synonymous SNV,DMRT3:NM_021240:exon2:c.T822C:p.C274C,.,9p24.3,.,.,.,.,.,.,.,.,.,.,.,.,.,.,.,.,.,.,.,.,.,.,.,.,.,.,.,.,.,.,.,.,.,.,.,.,.,.,.,.,.,.,.
16,67997910,67997910,C,T,exonic,SLC12A4,.,synonymous SNV,SLC12A4:NM_001145963:exon1:c.G21A:p.V7V,.,16q22.1,.,.,.,.,.,.,.,.,.,.,.,.,.,.,.,.,.,.,.,.,.,.,.,.,.,.,.,.,.,.,.,.,.,.,.,.,.,.,.,.,.,.,.
1,54476072,54476072,G,C,exonic,LDLRAD1,.,nonsynonymous SNV,"LDLRAD1:NM_001276392:exon3:c.C235G:p.Q79E,LDLRAD1:NM_001276394:exon3:c.C85G:p.Q29E,LDLRAD1:NM_001276393:exon4:c.C223G:p.Q75E,LDLRAD1:NM_001010978:exon5:c.C352G:p.Q118E",.,1p32.3,.,.,.,.,.,.,.,.,.,1,T,0.015,B,0.022,B,0.923,N,0.99,N,1.61,L,.,.,-0.32,N,0.119,-0.669,0.085,0.179,0.562,D,-0.955,T,0.11,T,0.497,0,3.95,-0.022,0.135,0.926,0.841,10.625
1,12186263,12186263,C,T,exonic,TNFRSF8,.,stopgain,"TNFRSF8:NM_001281430:exon11:c.C946T:p.Q316X,TNFRSF8:NM_001243:exon12:c.C1279T:p.Q427X",.,1p36.22,.,.,.,.,.,.,.,.,.,.,.,.,.,.,.,.,.,1,A,.,.,.,.,.,.,.,12.941,40,0.998,0.647,D,.,.,.,.,0.707,0,3.67,0.598,0.932,0.197,0.934,11.184
1,154942838,154942838,G,A,exonic,SHC1,.,synonymous SNV,"SHC1:NM_001130040:exon1:c.C165T:p.P55P,SHC1:NM_183001:exon1:c.C165T:p.P55P",.,1q21.3,.,.,.,.,.,.,.,.,.,.,.,.,.,.,.,.,.,.,.,.,.,.,.,.,.,.,.,.,.,.,.,.,.,.,.,.,.,.,.,.,.,.,.
9,132641862,132641862,G,C,exonic,USP20,.,synonymous SNV,"USP20:NM_001008563:exon24:c.G2523C:p.G841G,USP20:NM_001110303:exon24:c.G2523C:p.G841G,USP20:NM_006676:exon24:c.G2523C:p.G841G",.,9q34.11,.,.,.,.,.,.,.,.,.,.,.,.,.,.,.,.,.,.,.,.,.,.,.,.,.,.,.,.,.,.,.,.,.,.,.,.,.,.,.,.,.,.,.
11,64009295,64009295,C,G,exonic,LOC114841035,.,nonsynonymous SNV,LOC114841035:NM_001370414:exon1:c.C544G:p.Q182E,.,11q13.1,.,.,.,.,.,.,.,.,.,.,.,.,.,.,.,.,.,.,.,.,.,.,.,.,.,.,.,.,.,.,.,.,.,.,.,.,.,.,.,.,.,.,.
15,49292053,49292053,T,C,exonic,SECISBP2L,.,nonsynonymous SNV,"SECISBP2L:NM_014701:exon15:c.A2245G:p.I749V,SECISBP2L:NM_001193489:exon16:c.A2380G:p.I794V",.,15q21.1,.,.,.,.,.,.,.,.,.,0.232,T,0.877,P,0.451,P,0,D,0.998,D,0.09,N,0.3,T,-0.64,N,0.284,3.604,23.2,0.997,0.957,D,-0.959,T,0.121,T,0.707,0,5.06,0.991,1.061,1,0.975,14.982
17,42786676,42786676,C,T,exonic,DBF4B,.,synonymous SNV,"DBF4B:NM_025104:exon2:c.C24T:p.D8D,DBF4B:NM_145663:exon2:c.C24T:p.D8D",.,17q21.31,8.24E-06,0,8.64E-05,0,0,0,0,0,rs754887521,.,.,.,.,.,.,.,.,.,.,.,.,.,.,.,.,.,.,.,.,.,.,.,.,.,.,.,.,.,.,.,.,.,.
19,12430529,12430529,G,C,exonic,ZNF563,.,nonsynonymous SNV,"ZNF563:NM_001363608:exon4:c.C310G:p.Q104E,ZNF563:NM_145276:exon4:c.C310G:p.Q104E",.,19p13.2,.,.,.,.,.,.,.,.,.,1,T,0.012,B,0.003,B,.,.,1,N,-1.085,N,2.53,T,2.1,N,0.098,-2.551,0.001,0.111,0.002,N,-0.941,T,0.009,T,0.563,0,-0.994,-0.714,-0.42,0.008,0.002,6.202
3,58128470,58128470,G,A,exonic,FLNB,.,nonsynonymous SNV,"FLNB:NM_001164319:exon30:c.G5203A:p.E1735K,FLNB:NM_001164318:exon31:c.G5242A:p.E1748K,FLNB:NM_001457:exon31:c.G5275A:p.E1759K,FLNB:NM_001164317:exon32:c.G5368A:p.E1790K","Atelosteogenesis, type I, Autosomal dominant;Atelosteogenesis, type III, Autosomal dominant;Boomerang dysplasia, Autosomal dominant;Larsen syndrome, Autosomal dominant;Spondylocarpotarsal synostosis syndrome, Autosomal recessive",3p14.3,.,.,.,.,.,.,.,.,.,0.127,T,0.996,D,0.998,D,0,D,1,D,1.765,L,-0.62,T,-2.22,N,0.852,6.069,28.1,0.999,0.966,D,0.526,D,0.758,D,0.707,0,5.79,0.917,1.048,1,0.998,20.04
6,169633039,169633039,G,A,exonic,THBS2,.,synonymous SNV,"THBS2:NM_001381939:exon10:c.C1551T:p.G517G,THBS2:NM_001381940:exon11:c.C1725T:p.G575G,THBS2:NM_001381942:exon11:c.C1494T:p.G498G,THBS2:NM_003247:exon11:c.C1725T:p.G575G",.,6q27,.,.,.,.,.,.,.,.,.,.,.,.,.,.,.,.,.,.,.,.,.,.,.,.,.,.,.,.,.,.,.,.,.,.,.,.,.,.,.,.,.,.,.
12,13724865,13724865,G,A,exonic,GRIN2B,.,nonsynonymous SNV,GRIN2B:NM_000834:exon11:c.C2044T:p.R682C,"Epileptic encephalopathy, early infantile, 27, Autosomal dominant;Mental retardation, autosomal dominant 6",12p13.1,.,.,.,.,.,.,.,.,rs387906636,.,.,1,D,1,D,0,D,1,D,2.465,M,.,.,.,.,0.981,7.95,35,0.999,0.99,D,-0.657,T,0.236,T,0.5,0,5.73,0.917,1.048,1,0.998,20.26
14,50118025,50118025,C,T,exonic,POLE2,.,nonsynonymous SNV,"POLE2:NM_001197330:exon15:c.G1204A:p.V402I,POLE2:NM_001197331:exon16:c.G1282A:p.V428I,POLE2:NM_001348384:exon16:c.G1279A:p.V427I,POLE2:NM_001348385:exon16:c.G1051A:p.V351I,POLE2:NM_002692:exon16:c.G1282A:p.V428I",.,14q21.3,1.68E-05,0,0,0,0,0,0,0.0001,rs775358191,0.735,T,0.643,P,0.101,B,0.001,N,1,D,-0.14,N,1.55,T,0.33,N,0.099,2.653,20.5,0.323,0.994,D,-1.033,T,0.026,T,0.732,0,3.64,0.871,0.932,1,0.999,11.457
19,44129320,44129320,C,T,exonic,CADM4,.,nonsynonymous SNV,CADM4:NM_145296:exon7:c.G838A:p.G280S,.,19q13.31,.,.,.,.,.,.,.,.,.,0.974,T,0.004,B,0.012,B,0.002,N,0.615,D,-0.815,N,-1.42,T,1.14,N,0.126,0.834,9.672,0.94,0.466,N,-0.863,T,0.158,T,0.778,0,4.23,0.871,0.932,0.314,0.908,7.439
1,67303407,67303407,T,C,exonic,DNAI4,.,nonsynonymous SNV,"DNAI4:NM_024763:exon10:c.A1567G:p.I523V,DNAI4:NM_207014:exon10:c.A1567G:p.I523V",.,1p31.3,1.65E-05,0,0,0,0,3.00E-05,0,0,rs754116829,0.036,D,0.059,B,0.089,B,0.002,N,0.551,N,0.69,N,2.05,T,-0.8,N,0.247,2.923,21.9,0.99,0.728,D,-0.732,T,0.342,T,0.554,0,2.4,0.673,1.043,1,1,7.045
1,248512668,248512668,G,T,exonic,OR14C36,.,nonsynonymous SNV,OR14C36:NM_001001918:exon1:c.G592T:p.V198F,.,1q44,.,.,.,.,.,.,.,.,.,0.433,T,0,B,0.002,B,0.473,N,1,N,-0.85,N,8.76,T,-1.04,N,0.123,-0.413,0.359,0.827,0.001,N,-1.05,T,0,T,0.487,0,-7.61,-0.617,0.492,0.002,0.005,4.851
3,135721776,135721776,A,G,exonic,PPP2R3A,.,nonsynonymous SNV,PPP2R3A:NM_002718:exon2:c.A1436G:p.N479S,.,3q22.3,.,.,.,.,.,.,.,.,.,0.578,T,0,B,0,B,0.881,N,1,N,-0.69,N,3.46,T,-0.05,N,0.003,-1.55,0.002,0.53,0.096,N,-0.902,T,0.007,T,0.615,0,-0.34,-0.549,1.199,0.004,0.788,5.697
3,180686004,180686004,G,A,exonic,FXR1,.,nonsynonymous SNV,"FXR1:NM_001013438:exon14:c.G1364A:p.R455H,FXR1:NM_005087:exon14:c.G1364A:p.R455H,FXR1:NM_001013439:exon15:c.G1109A:p.R370H,FXR1:NM_001363882:exon15:c.G1109A:p.R370H",.,3q26.33,.,.,.,.,.,.,.,.,.,0.062,T,0.999,D,0.991,D,0,D,1,D,1.245,L,0.89,T,-2.27,N,0.665,4.231,23.9,0.999,0.998,D,-0.706,T,0.289,T,0.707,0,5.51,0.917,0.998,1,1,19.794
5,126791234,126791234,G,A,exonic,MEGF10,.,nonsynonymous SNV,"MEGF10:NM_001256545:exon24:c.G3167A:p.R1056Q,MEGF10:NM_032446:exon25:c.G3167A:p.R1056Q","Myopathy, areflexia, respiratory distress, and dysphagia, early-onset, Autosomal recessive;Myopathy, areflexia, respiratory distress, and dysphagia, early-onset, mild variant, Autosomal recessive",5q23.2,.,.,.,.,.,.,.,.,.,0.139,T,0.693,P,0.139,B,0.009,N,0.965,D,1.5,L,-1.37,T,-0.08,N,0.405,4.043,23.7,0.998,0.909,D,-0.274,T,0.35,T,0.732,0,4.65,0.069,1.048,0.881,0.998,15.571
11,5424280,5424280,C,T,exonic,OR51J1,.,nonsynonymous SNV,OR51J1:NM_001348224:exon1:c.C454T:p.R152C,.,11p15.4,5.78E-05,0,0,0,0,0.0002,0,0,rs754301510,0.109,T,.,.,.,.,.,.,1,N,.,.,9.66,T,0.86,N,0.17,0.107,3.68,0.681,0.007,N,-1.114,T,0,T,0.487,0,-1.45,-2.551,-2.844,0.01,0,2.489
11,16362729,16362729,C,T,exonic,SOX6,.,synonymous SNV,"SOX6:NM_001145811:exon2:c.G66A:p.Q22Q,SOX6:NM_001145819:exon2:c.G66A:p.Q22Q,SOX6:NM_001367873:exon2:c.G66A:p.Q22Q,SOX6:NM_017508:exon2:c.G66A:p.Q22Q,SOX6:NM_033326:exon2:c.G66A:p.Q22Q,SOX6:NM_001367872:exon4:c.G66A:p.Q22Q",.,11p15.1,.,.,.,.,.,.,.,.,.,.,.,.,.,.,.,.,.,.,.,.,.,.,.,.,.,.,.,.,.,.,.,.,.,.,.,.,.,.,.,.,.,.,.
16,66946639,66946639,C,A,exonic,CDH16,.,nonsynonymous SNV,"CDH16:NM_001204746:exon9:c.G919T:p.V307L,CDH16:NM_001204744:exon10:c.G1210T:p.V404L,CDH16:NM_001204745:exon10:c.G1210T:p.V404L,CDH16:NM_004062:exon10:c.G1210T:p.V404L",.,16q22.1,.,.,.,.,.,.,.,.,.,0.297,T,0.032,B,0.036,B,0.729,N,1,N,0.07,N,0.71,T,-0.49,N,0.142,-1.349,0.004,0.624,0.036,N,-1.039,T,0.043,T,0.497,0,-7.67,0.008,-2.821,0,0,0.303
19,38848965,38848965,G,A,exonic,CATSPERG,.,nonsynonymous SNV,"CATSPERG:NM_001330496:exon11:c.G1243A:p.E415K,CATSPERG:NM_021185:exon12:c.G1363A:p.E455K",.,19q13.2,.,.,.,.,.,.,.,.,.,0.282,T,0.763,P,0.297,B,0.26,N,0.965,D,1.24,L,1.39,T,-1.65,N,0.18,3.332,22.9,0.999,0.923,D,-1.064,T,0.081,T,0.549,0,4.96,0.63,1.048,0.232,0.185,14.42
20,5579401,5579401,G,A,exonic,GPCPD1,.,nonsynonymous SNV,GPCPD1:NM_019593:exon3:c.C116T:p.A39V,.,20p12.3,.,.,.,.,.,.,.,.,.,0.713,T,0.001,B,0,B,0.379,N,0.954,N,1.72,L,-3.28,D,0.36,N,0.056,2,16.21,0.4,0.765,D,-0.302,T,0.65,D,0.707,0,3.2,0.866,1.048,0.993,1,4.93
2,120003208,120003208,C,T,exonic,STEAP3,.,nonsynonymous SNV,"STEAP3:NM_001008410:exon2:c.C136T:p.R46C,STEAP3:NM_138637:exon2:c.C136T:p.R46C,STEAP3:NM_018234:exon3:c.C136T:p.R46C,STEAP3:NM_182915:exon3:c.C166T:p.R56C",.,2q14.2,0.0002,9.74E-05,0,0,0,9.06E-05,0.0011,0.0011,rs757338271,0.015,D,0.891,P,0.747,P,0,D,1,D,2.32,M,0.77,T,-5.37,D,0.645,6.746,32,0.999,0.827,D,-0.745,T,0.212,T,0.706,0,4.08,0.871,0.852,1,0.998,9.092
4,68619559,68619559,G,A,exonic,GNRHR,.,synonymous SNV,"GNRHR:NM_000406:exon1:c.C495T:p.I165I,GNRHR:NM_001012763:exon1:c.C495T:p.I165I","Hypogonadotropic hypogonadism 7 without anosmia, Autosomal recessive",4q13.2,.,.,.,.,.,.,.,.,.,.,.,.,.,.,.,.,.,.,.,.,.,.,.,.,.,.,.,.,.,.,.,.,.,.,.,.,.,.,.,.,.,.,.
5,94208903,94208903,T,G,exonic,MCTP1,.,nonsynonymous SNV,"MCTP1:NM_001297777:exon11:c.A1176C:p.R392S,MCTP1:NM_001002796:exon13:c.A1314C:p.R438S,MCTP1:NM_024717:exon13:c.A1977C:p.R659S",.,5q15,.,.,.,.,.,.,.,.,.,0.023,D,0.999,D,0.999,D,0,D,1,D,1.585,L,-0.45,T,-4.95,D,0.926,5.14,25.4,0.995,0.717,D,-0.471,T,0.344,T,0.732,0,-3.93,-0.658,-0.067,0.987,0.997,14.577
12,104102293,104102293,C,A,exonic,STAB2,.,synonymous SNV,STAB2:NM_017564:exon39:c.C4267A:p.R1423R,.,12q23.3,.,.,.,.,.,.,.,.,.,.,.,.,.,.,.,.,.,.,.,.,.,.,.,.,.,.,.,.,.,.,.,.,.,.,.,.,.,.,.,.,.,.,.
16,25258704,25258704,T,C,exonic,ZKSCAN2,.,synonymous SNV,ZKSCAN2:NM_001012981:exon5:c.A813G:p.A271A,.,16p12.1,.,.,.,.,.,.,.,.,.,.,.,.,.,.,.,.,.,.,.,.,.,.,.,.,.,.,.,.,.,.,.,.,.,.,.,.,.,.,.,.,.,.,.
1,167097488,167097488,C,T,exonic,STYXL2,.,synonymous SNV,STYXL2:NM_001080426:exon6:c.C3120T:p.Y1040Y,.,1q24.1,.,.,.,.,.,.,.,.,.,.,.,.,.,.,.,.,.,.,.,.,.,.,.,.,.,.,.,.,.,.,.,.,.,.,.,.,.,.,.,.,.,.,.
3,195016572,195016572,C,T,exonic,ACAP2,.,nonsynonymous SNV,ACAP2:NM_012287:exon17:c.G1537A:p.V513M,.,3q29,.,.,.,.,.,.,.,.,.,0.006,D,0.972,D,0.885,P,0,D,1,D,1.62,L,0.85,T,-1.5,N,0.621,5.775,27,0.999,0.964,D,-0.696,T,0.245,T,0.732,0,5.66,0.871,0.935,0.999,1,18.735