,A[C>A]A,A[C>A]C,A[C>A]G,A[C>A]T,C[C>A]A,C[C>A]C,C[C>A]G,C[C>A]T,G[C>A]A,G[C>A]C,G[C>A]G,G[C>A]T,T[C>A]A,T[C>A]C,T[C>A]G,T[C>A]T,A[C>G]A,A[C>G]C,A[C>G]G,A[C>G]T,C[C>G]A,C[C>G]C,C[C>G]G,C[C>G]T,G[C>G]A,G[C>G]C,G[C>G]G,G[C>G]T,T[C>G]A,T[C>G]C,T[C>G]G,T[C>G]T,A[C>T]A,A[C>T]C,A[C>T]G,A[C>T]T,C[C>T]A,C[C>T]C,C[C>T]G,C[C>T]T,G[C>T]A,G[C>T]C,G[C>T]G,G[C>T]T,T[C>T]A,T[C>T]C,T[C>T]G,T[C>T]T,A[T>A]A,A[T>A]C,A[T>A]G,A[T>A]T,C[T>A]A,C[T>A]C,C[T>A]G,C[T>A]T,G[T>A]A,G[T>A]C,G[T>A]G,G[T>A]T,T[T>A]A,T[T>A]C,T[T>A]G,T[T>A]T,A[T>C]A,A[T>C]C,A[T>C]G,A[T>C]T,C[T>C]A,C[T>C]C,C[T>C]G,C[T>C]T,G[T>C]A,G[T>C]C,G[T>C]G,G[T>C]T,T[T>C]A,T[T>C]C,T[T>C]G,T[T>C]T,A[T>G]A,A[T>G]C,A[T>G]G,A[T>G]T,C[T>G]A,C[T>G]C,C[T>G]G,C[T>G]T,G[T>G]A,G[T>G]C,G[T>G]G,G[T>G]T,T[T>G]A,T[T>G]C,T[T>G]G,T[T>G]T
1,1,1,0,1,0,0,0,0,0,0,0,0,0,0,0,1,0,0,0,0,0,0,0,0,0,0,0,0,0,0,0,0,1,2,3,2,1,3,2,2,1,0,2,2,2,3,2,0,0,0,2,0,0,0,1,1,0,0,2,0,0,1,0,0,0,0,0,0,0,0,0,0,0,1,0,1,0,0,0,0,0,0,0,0,0,1,0,1,0,0,1,0,1,0,0,0
2,0,0,0,0,4,3,0,1,1,0,0,0,0,1,0,0,1,1,0,0,1,0,1,0,0,1,0,0,0,0,0,3,2,3,3,4,0,4,3,5,1,3,3,1,3,5,3,1,0,0,0,1,0,1,1,1,0,0,0,0,0,1,1,1,2,1,2,0,2,1,1,2,0,0,1,1,0,3,0,0,0,0,0,1,0,0,0,1,0,0,1,0,0,0,0,0
3,5,4,1,6,5,6,1,2,3,0,1,6,1,3,0,2,3,2,0,3,1,4,0,5,2,1,0,0,2,1,0,4,15,9,23,2,14,11,6,11,6,2,9,3,15,15,5,7,6,5,2,3,1,2,3,1,0,0,2,0,1,1,3,3,5,1,5,1,5,7,2,5,4,3,4,4,2,1,2,4,0,0,3,3,1,1,2,0,1,1,1,0,1,1,1,4
4,9,4,0,6,8,2,0,8,1,3,0,4,3,6,0,5,1,0,2,9,0,1,0,1,0,2,0,0,2,1,0,3,21,8,19,8,11,12,10,14,8,5,10,12,9,11,8,24,5,0,5,3,3,3,4,5,1,2,0,4,2,1,4,5,6,4,7,8,4,3,4,3,2,1,5,8,3,4,1,6,1,0,2,4,0,1,4,1,2,1,0,0,1,0,0,2
5,2,4,0,3,8,1,2,2,6,0,0,3,1,2,1,2,3,2,0,2,2,1,1,1,1,2,1,3,3,4,2,4,20,17,17,13,11,8,8,12,8,6,8,5,14,17,11,10,3,5,3,3,0,3,5,4,1,0,0,0,5,3,0,2,8,3,7,10,2,2,3,3,1,4,4,4,4,2,4,5,1,2,2,5,1,2,5,3,1,2,2,0,1,1,1,3
6,13,8,2,9,9,4,2,13,6,4,0,7,8,3,3,8,11,5,1,6,6,5,2,4,7,5,0,4,3,10,0,13,40,17,41,39,46,38,23,40,21,24,22,17,41,32,18,37,9,5,4,5,5,4,6,9,2,2,2,9,8,6,7,9,33,6,22,26,6,6,11,7,11,4,7,14,15,10,6,15,2,1,4,8,2,6,8,9,4,1,4,4,2,1,7,6
7,5,5,1,2,6,3,0,2,5,3,1,3,4,4,1,3,5,1,0,5,0,3,1,1,1,1,0,1,1,0,1,1,14,9,11,5,12,8,2,8,3,12,5,5,12,14,1,17,0,1,2,0,2,2,0,2,2,0,4,0,2,0,0,3,3,4,2,2,1,3,2,2,0,1,1,0,2,1,2,1,0,1,0,2,0,1,0,0,0,0,0,1,0,1,1,0
8,7,3,1,6,8,4,2,3,1,1,1,4,7,5,0,4,3,0,1,0,0,3,0,1,0,0,0,1,1,1,0,4,13,6,2,9,10,11,7,12,14,3,5,5,17,16,5,11,0,0,3,0,4,2,3,3,1,3,1,2,2,0,2,2,5,0,5,3,0,2,1,0,1,0,5,3,0,1,2,2,1,0,2,1,0,2,1,1,0,0,1,1,2,0,1,1
9,15,7,2,16,15,9,1,11,6,8,5,11,14,14,5,11,4,2,0,1,2,4,0,3,3,2,1,3,5,1,1,3,25,19,20,19,42,15,11,34,14,19,12,15,30,27,10,39,2,3,5,4,5,2,7,9,3,2,3,6,3,1,3,3,21,3,11,5,0,2,4,3,7,1,6,1,5,2,6,1,2,0,3,1,0,1,1,2,1,1,1,1,0,0,4,2
10,15,12,3,10,12,8,4,15,6,9,2,7,15,18,2,8,6,4,3,6,0,1,1,3,0,3,0,0,5,2,1,8,36,19,14,17,35,24,11,27,14,15,11,17,36,36,7,38,2,1,7,1,2,4,12,6,4,1,2,2,7,2,2,3,20,2,9,11,7,10,6,3,6,3,7,3,3,4,5,3,5,1,1,2,1,2,0,1,1,0,1,2,0,0,2,4
11,15,4,4,10,13,12,6,8,17,6,0,7,14,18,3,13,8,0,0,4,2,2,1,5,2,3,0,1,4,4,0,6,35,32,19,29,48,44,12,49,28,29,9,24,57,50,12,58,3,6,6,5,3,4,7,4,1,0,1,4,5,3,8,3,18,5,13,7,7,4,8,3,12,1,2,2,5,4,3,3,1,0,1,1,1,0,3,0,0,0,1,0,1,1,2,6
12,40,33,11,13,43,35,8,44,31,28,5,20,46,37,10,45,15,7,4,14,14,8,2,16,11,8,2,7,8,9,4,16,122,60,44,77,153,115,28,123,81,88,26,86,143,146,22,166,16,13,14,12,16,14,34,16,7,7,11,9,5,5,8,19,45,23,35,33,13,11,17,13,24,7,12,14,11,7,13,12,6,5,3,11,3,8,5,9,1,3,6,7,3,7,6,13
