"","category","over_represented_pvalue","under_represented_pvalue","numDEInCat","numInCat","term","ontology","hitsPerc","Regulation","SYMBOL","GO_Group","regulation"
"1","GO:0000165",0.0188029593427709,0.993778401877717,8,678,"MAPK cascade","BP",1.17994100294985,"UP","CD81, CRYAB, PTEN, ZFP36, GADD45G, GAREM1, PDGFD, DOK6","Signaling Pathways","IHD Up-regulated"
"2","GO:0000288",0.0443725945703217,0.995402197278979,2,68,"nuclear-transcribed mRNA catabolic process, deadenylation-dependent decay","BP",2.94117647058824,"UP","ZFP36, BTG2","Ribosomal Activity","IHD Up-regulated"
"3","GO:0000289",0.0113214711898903,0.999445031011668,2,34,"nuclear-transcribed mRNA poly(A) tail shortening","BP",5.88235294117647,"UP","ZFP36, BTG2","Ribosomal Activity","IHD Up-regulated"
"4","GO:0000302",0.0023598379110711,0.999670090224906,5,181,"response to reactive oxygen species","BP",2.76243093922652,"UP","CRYAB, FOS, RACK1, PDGFD, MAP1LC3A","Hypoxia","IHD Up-regulated"
"5","GO:0000380",0.0416305901923274,0.995834924764398,2,67,"alternative mRNA splicing, via spliceosome","BP",2.98507462686567,"UP","RBFOX1, YTHDC1","miRNA Regulation","IHD Up-regulated"
"6","GO:0000381",0.0238662338155084,0.998242606331129,2,50,"regulation of alternative mRNA splicing, via spliceosome","BP",4,"UP","RBFOX1, YTHDC1","miRNA Regulation","IHD Up-regulated"
"7","GO:0000956",0.022717917991334,0.99684023291697,3,123,"nuclear-transcribed mRNA catabolic process","BP",2.4390243902439,"UP","ZFP36, BTG2, PNRC1","Ribosomal Activity","IHD Up-regulated"
"8","GO:0001523",0.0459574922177892,0.995147362383663,2,67,"retinoid metabolic process","BP",2.98507462686567,"UP","LRP1, CYP4V2","Metabolic Pathways","IHD Up-regulated"
"9","GO:0001666",0.044277780183935,0.989305497368957,4,271,"response to hypoxia","BP",1.4760147601476,"UP","CRYAB, EGR1, FOS, RORA","Hypoxia","IHD Up-regulated"
"10","GO:0001771",0.00213147028628953,0.999958740904272,2,14,"immunological synapse formation","BP",14.2857142857143,"UP","CD81, LGALS3","Immune Response","IHD Up-regulated"
"11","GO:0001816",0.0226412753514032,0.99224579789373,8,697,"cytokine production","BP",1.14777618364419,"UP","CD81, EGR1, CD46, PIK3R1, RORA, ZFP36, LGR4, CCBE1","Cytokine Regulation","IHD Up-regulated"
"12","GO:0001817",0.0206332016593582,0.993054745702027,8,685,"regulation of cytokine production","BP",1.16788321167883,"UP","CD81, EGR1, CD46, PIK3R1, RORA, ZFP36, LGR4, CCBE1","Cytokine Regulation","IHD Up-regulated"
"13","GO:0001819",0.021018505907897,0.994176312693689,6,431,"positive regulation of cytokine production","BP",1.39211136890951,"UP","CD81, EGR1, CD46, PIK3R1, RORA, CCBE1","Cytokine Regulation","IHD Up-regulated"
"14","GO:0001933",0.0439150583305803,0.989420715871148,4,271,"negative regulation of protein phosphorylation","BP",1.4760147601476,"UP","PRKAR1A, PTEN, RACK1, C9orf72","Signaling Pathways","IHD Up-regulated"
"15","GO:0001952",0.0187457146391716,0.997576890401418,3,116,"regulation of cell-matrix adhesion","BP",2.58620689655172,"UP","ACTG1, PIK3R1, PTEN","Muscle Organization","IHD Up-regulated"
"16","GO:0001953",0.0114381699430803,0.999436302869906,2,34,"negative regulation of cell-matrix adhesion","BP",5.88235294117647,"UP","PIK3R1, PTEN","Muscle Organization","IHD Up-regulated"
"17","GO:0002263",0.00197193418334239,0.999668754615362,6,262,"cell activation involved in immune response","BP",2.29007633587786,"UP","CD81, JUNB, LGALS3, LRP1, CD46, RORA","Immune Response","IHD Up-regulated"
"18","GO:0002285",0.00201155279882653,0.99972892068608,5,180,"lymphocyte activation involved in immune response","BP",2.77777777777778,"UP","CD81, JUNB, LGALS3, CD46, RORA","Immune Response","IHD Up-regulated"
"19","GO:0002286",0.0001124105768332,0.999992101607147,5,95,"T cell activation involved in immune response","BP",5.26315789473684,"UP","CD81, JUNB, LGALS3, CD46, RORA","Immune Response","IHD Up-regulated"
"20","GO:0002287",0.044672261851333,0.99535411625064,2,68,"alpha-beta T cell activation involved in immune response","BP",2.94117647058824,"UP","JUNB, RORA","Immune Response","IHD Up-regulated"
"21","GO:0002291",0.00109217039208096,0.99998572216913,2,10,"T cell activation via T cell receptor contact with antigen bound to MHC molecule on antigen presenting cell","BP",20,"UP","CD81, LGALS3","Immune Response","IHD Up-regulated"
"22","GO:0002292",0.00594552853967014,0.999500253874179,3,74,"T cell differentiation involved in immune response","BP",4.05405405405405,"UP","JUNB, CD46, RORA","Immune Response","IHD Up-regulated"
"23","GO:0002293",0.044672261851333,0.99535411625064,2,68,"alpha-beta T cell differentiation involved in immune response","BP",2.94117647058824,"UP","JUNB, RORA","Immune Response","IHD Up-regulated"
"24","GO:0002294",0.044672261851333,0.99535411625064,2,68,"CD4-positive, alpha-beta T cell differentiation involved in immune response","BP",2.94117647058824,"UP","JUNB, RORA","Immune Response","IHD Up-regulated"
"25","GO:0002366",0.00942359295658641,0.998164834769075,5,258,"leukocyte activation involved in immune response","BP",1.93798449612403,"UP","CD81, JUNB, LGALS3, CD46, RORA","Immune Response","IHD Up-regulated"
"26","GO:0002455",0.0235562221110753,0.998280720019041,2,47,"humoral immune response mediated by circulating immunoglobulin","BP",4.25531914893617,"UP","CD81, CD46","Immune Response","IHD Up-regulated"
"27","GO:0002521",0.00528943500429581,0.99860056807634,8,545,"leukocyte differentiation","BP",1.46788990825688,"UP","ACTB, CD81, EGR1, FOS, JUNB, CD46, PIK3R1, RORA","Immune Response","IHD Up-regulated"
"28","GO:0002573",0.0182222451271602,0.996657428218809,4,204,"myeloid leukocyte differentiation","BP",1.96078431372549,"UP","CD81, FOS, JUNB, PIK3R1","Immune Response","IHD Up-regulated"
"29","GO:0002685",0.0211148227287224,0.995951921054185,4,204,"regulation of leukocyte migration","BP",1.96078431372549,"UP","CD81, LGALS3, PIK3R1, PDGFD","Immune Response","IHD Up-regulated"
"30","GO:0002687",0.0317928242691656,0.994967412416698,3,133,"positive regulation of leukocyte migration","BP",2.25563909774436,"UP","LGALS3, PIK3R1, PDGFD","Immune Response","IHD Up-regulated"
"31","GO:0002694",0.0198712177468272,0.993913574294122,7,545,"regulation of leukocyte activation","BP",1.28440366972477,"UP","ACTB, CD81, JUNB, LGALS3, CD46, PRKAR1A, RORA","Immune Response","IHD Up-regulated"
"32","GO:0006220",0.00255525873906084,0.999842816636442,3,52,"pyrimidine nucleotide metabolic process","BP",5.76923076923077,"UP","DPYD, NME3, SLC4A7","Metabolic Pathways","IHD Up-regulated"
"33","GO:0006221",0.0118554499256269,0.999407331667329,2,31,"pyrimidine nucleotide biosynthetic process","BP",6.45161290322581,"UP","NME3, SLC4A7","Metabolic Pathways","IHD Up-regulated"
"34","GO:0006417",0.0138132102696579,0.996513918791045,6,396,"regulation of translation","BP",1.51515151515152,"UP","RPS14, ZFP36, BTG2, EIF1B, RACK1, METAP1","Ribosomal Activity","IHD Up-regulated"
"35","GO:0006694",0.0452076654734517,0.991775055570747,3,159,"steroid biosynthetic process","BP",1.88679245283019,"UP","EGR1, HSD17B12, OSBPL9","Metabolic Pathways","IHD Up-regulated"
"36","GO:0006753",0.0416063656437664,0.986495291558176,6,492,"nucleoside phosphate metabolic process","BP",1.21951219512195,"UP","DPYD, NME3, RORA, SLC4A7, AASS, HSD17B12","Metabolic Pathways","IHD Up-regulated"
"37","GO:0006897",0.0438408073601849,0.984154059214108,7,663,"endocytosis","BP",1.05580693815988,"UP","ACTB, ACTG1, CD81, LGALS3, LRP1, RACK1, C9orf72","Differentiation & Migration","IHD Up-regulated"
"38","GO:0006979",0.0372844548392028,0.989676670608584,5,363,"response to oxidative stress","BP",1.37741046831956,"UP","CRYAB, FOS, RACK1, PDGFD, MAP1LC3A","Hypoxia","IHD Up-regulated"
"39","GO:0006986",0.00406743506306434,0.999518704965744,4,132,"response to unfolded protein","BP",3.03030303030303,"UP","PIK3R1, HSPB3, RACK1, DNAJB4","Signaling Pathways","IHD Up-regulated"
"40","GO:0007034",0.0444794519150086,0.991956950453498,3,163,"vacuolar transport","BP",1.84049079754601,"UP","LRP1, ASB15, C9orf72","Metabolic Pathways","IHD Up-regulated"
"41","GO:0007039",0.00505379113617379,0.99984095070817,2,22,"protein catabolic process in the vacuole","BP",9.09090909090909,"UP","CD81, LRP1","Protein Catabolism & Localization","IHD Up-regulated"
"42","GO:0007041",0.0237654938624171,0.996635680080765,3,128,"lysosomal transport","BP",2.34375,"UP","LRP1, ASB15, C9orf72","Metabolic Pathways","IHD Up-regulated"
"43","GO:0007159",0.0384408266120201,0.989268108772556,5,370,"leukocyte cell-cell adhesion","BP",1.35135135135135,"UP","ACTB, CD81, LGALS3, CD46, PRKAR1A","Immune Response","IHD Up-regulated"
"44","GO:0007517",0.000830720015051079,0.999858661061091,7,312,"muscle organ development","BP",2.24358974358974,"UP","CRYAB, EGR1, FOS, NR4A1, MYL6, BTG2, RBFOX1","Muscle Organization","IHD Up-regulated"
"45","GO:0007519",6.90324149509573e-05,0.999993916009242,6,144,"skeletal muscle tissue development","BP",4.16666666666667,"UP","EGR1, FOS, NR4A1, MYL6, BTG2, RBFOX1","Muscle Organization","IHD Up-regulated"
"46","GO:0008625",0.00701327382203365,0.999373472456265,3,78,"extrinsic apoptotic signaling pathway via death domain receptors","BP",3.84615384615385,"UP","LGALS3, PIK3R1, PTEN","Signaling Pathways","IHD Up-regulated"
"47","GO:0008652",0.0477412226019968,0.994845335545762,2,72,"amino acid biosynthetic process","BP",2.77777777777778,"UP","DPYD, AASS","Metabolic Pathways","IHD Up-regulated"
"48","GO:0009117",0.0389432211723261,0.987557270961593,6,484,"nucleotide metabolic process","BP",1.2396694214876,"UP","DPYD, NME3, RORA, SLC4A7, AASS, HSD17B12","Metabolic Pathways","IHD Up-regulated"
"49","GO:0009218",0.0116544556047175,0.999422558432661,2,31,"pyrimidine ribonucleotide metabolic process","BP",6.45161290322581,"UP","DPYD, NME3","Metabolic Pathways","IHD Up-regulated"
"50","GO:0009259",0.0384482445476384,0.989268069639011,5,356,"ribonucleotide metabolic process","BP",1.40449438202247,"UP","DPYD, NME3, RORA, AASS, HSD17B12","Metabolic Pathways","IHD Up-regulated"
"51","GO:0009267",0.045347262631015,0.991737428302439,3,163,"cellular response to starvation","BP",1.84049079754601,"UP","FOS, SLC38A2, MAP1LC3A","Signaling Pathways","IHD Up-regulated"
"52","GO:0009611",0.0345454384129914,0.989267596230881,6,494,"response to wounding","BP",1.21457489878543,"UP","ACTB, ACTG1, PTEN, ZFP36, NREP, METAP1","Differentiation & Migration","IHD Up-regulated"
"53","GO:0009896",0.00330096515309527,0.999192958914342,8,508,"positive regulation of catabolic process","BP",1.5748031496063,"UP","CD81, LRP1, PTEN, ZFP36, BTG2, RACK1, UBR3, C9orf72","Protein Catabolism & Localization","IHD Up-regulated"
"54","GO:0009988",0.0357534155653145,0.996717140183125,2,58,"cell-cell recognition","BP",3.44827586206897,"UP","CD81, LGALS3","Immune Response","IHD Up-regulated"
"55","GO:0010035",0.0330608663545183,0.989835197901351,6,478,"response to inorganic substance","BP",1.25523012552301,"UP","CRYAB, FOS, JUNB, SLC38A2, PDGFD, MAP1LC3A","Muscle Organization","IHD Up-regulated"
"56","GO:0010332",0.0221697678836885,0.998434322280613,2,46,"response to gamma radiation","BP",4.34782608695652,"UP","CRYAB, EGR1","Hypoxia","IHD Up-regulated"
"57","GO:0010573",0.00988588871030326,0.999550443116473,2,31,"vascular endothelial growth factor production","BP",6.45161290322581,"UP","RORA, CCBE1","Metabolic Pathways","IHD Up-regulated"
"58","GO:0010574",0.00758570556917083,0.999701591903169,2,27,"regulation of vascular endothelial growth factor production","BP",7.40740740740741,"UP","RORA, CCBE1","Metabolic Pathways","IHD Up-regulated"
"59","GO:0010575",0.00704802780808132,0.999733695221045,2,26,"positive regulation of vascular endothelial growth factor production","BP",7.69230769230769,"UP","RORA, CCBE1","Metabolic Pathways","IHD Up-regulated"
"60","GO:0010608",0.00388261589377288,0.999024864519763,8,516,"post-transcriptional regulation of gene expression","BP",1.55038759689922,"UP","RPS14, ZFP36, BTG2, EIF1B, RACK1, METAP1, YTHDC1, MIR133A1HG","Ribosomal Activity","IHD Up-regulated"
"61","GO:0010629",0.0226648522936327,0.991212207294801,10,987,"negative regulation of gene expression","BP",1.01317122593718,"UP","CRYAB, LRP1, CD46, PRKAR1A, ZFP36, BTG2, RACK1, PNRC1, LGR4, MIR133A1HG","Muscle Organization","IHD Up-regulated"
"62","GO:0010810",0.0164932842263492,0.997063353311358,4,202,"regulation of cell-substrate adhesion","BP",1.98019801980198,"UP","ACTG1, PIK3R1, PTEN, HSD17B12","Muscle Organization","IHD Up-regulated"
"63","GO:0010812",0.0278676335600586,0.997765062447665,2,55,"negative regulation of cell-substrate adhesion","BP",3.63636363636364,"UP","PIK3R1, PTEN","Muscle Organization","IHD Up-regulated"
"64","GO:0014823",0.0381940694050708,0.996358291298697,2,63,"response to activity","BP",3.17460317460317,"UP","FOS, SLC38A2","Signaling Pathways","IHD Up-regulated"
"65","GO:0014855",0.0389978285441857,0.996235540857156,2,66,"striated muscle cell proliferation","BP",3.03030303030303,"UP","FOS, PRKAR1A","Muscle Organization","IHD Up-regulated"
"66","GO:0014909",0.0464523717656455,0.995060402573003,2,71,"smooth muscle cell migration","BP",2.8169014084507,"UP","LRP1, PDGFD","Metabolic Pathways","IHD Up-regulated"
"67","GO:0014910",0.0382301818989881,0.996351678505505,2,64,"regulation of smooth muscle cell migration","BP",3.125,"UP","LRP1, PDGFD","Metabolic Pathways","IHD Up-regulated"
"68","GO:0015935",0.012173170762128,0.998672858480728,3,72,"small ribosomal subunit","CC",4.16666666666667,"UP","RPS8, RPS14, RACK1","Ribosomal Activity","IHD Up-regulated"
"69","GO:0016055",0.00403783617843181,0.999089356528884,7,415,"Wnt signaling pathway","BP",1.68674698795181,"UP","EGR1, LRP1, PTEN, WNT9A, RACK1, HBP1, LGR4","Signaling Pathways","IHD Up-regulated"
"70","GO:0016101",0.0494789268059535,0.994555081033872,2,70,"diterpenoid metabolic process","BP",2.85714285714286,"UP","LRP1, CYP4V2","Metabolic Pathways","IHD Up-regulated"
"71","GO:0019637",0.0358857717573487,0.985726562395849,9,895,"organophosphate metabolic process","BP",1.00558659217877,"UP","DPYD, NME3, PIK3R1, PTEN, RORA, SLC4A7, AASS, HSD17B12, LPCAT4","Metabolic Pathways","IHD Up-regulated"
"72","GO:0019693",0.0411619228033767,0.988297212334764,5,363,"ribose phosphate metabolic process","BP",1.37741046831956,"UP","DPYD, NME3, RORA, AASS, HSD17B12","Metabolic Pathways","IHD Up-regulated"
"73","GO:0022626",0.0377516937692639,0.993629992357812,3,111,"cytosolic ribosome","CC",2.7027027027027,"UP","RPS8, RPS14, RACK1","Ribosomal Activity","IHD Up-regulated"
"74","GO:0022627",0.00247216685711775,0.999851877326371,3,38,"cytosolic small ribosomal subunit","CC",7.89473684210526,"UP","RPS8, RPS14, RACK1","Ribosomal Activity","IHD Up-regulated"
"75","GO:0030029",0.0292648701917372,0.989477897544192,8,751,"actin filament-based process","BP",1.06524633821571,"UP","ACTB, ACTG1, LRP1, MYL6, PIK3R1, PRKAR1A, DSTN, C9orf72","Differentiation & Migration","IHD Up-regulated"
"76","GO:0030036",0.0436960614907343,0.984217175360601,7,668,"actin cytoskeleton organization","BP",1.04790419161677,"UP","ACTB, ACTG1, LRP1, PIK3R1, PRKAR1A, DSTN, C9orf72","Differentiation & Migration","IHD Up-regulated"
"77","GO:0030097",0.0025021131226608,0.999255014631747,11,835,"hemopoiesis","BP",1.31736526946108,"UP","ACTB, CD81, EGR1, FOS, JUNB, CD46, PIK3R1, RORA, RPS14, ZFP36, SBDS","Differentiation & Migration","IHD Up-regulated"
"78","GO:0030098",0.0110609090533104,0.997340384347032,6,381,"lymphocyte differentiation","BP",1.5748031496063,"UP","ACTB, EGR1, JUNB, CD46, PIK3R1, RORA","Differentiation & Migration","IHD Up-regulated"
"79","GO:0030099",0.00989587139337145,0.997677075836161,6,371,"myeloid cell differentiation","BP",1.61725067385445,"UP","CD81, FOS, JUNB, PIK3R1, RPS14, ZFP36","Differentiation & Migration","IHD Up-regulated"
"80","GO:0030100",0.0103699153274766,0.997932279086623,5,265,"regulation of endocytosis","BP",1.88679245283019,"UP","ACTB, ACTG1, LGALS3, LRP1, RACK1","Differentiation & Migration","IHD Up-regulated"
"81","GO:0030155",0.00859744153255011,0.99731844445467,9,719,"regulation of cell adhesion","BP",1.25173852573018,"UP","ACTB, ACTG1, CD81, LGALS3, CD46, PIK3R1, PRKAR1A, PTEN, HSD17B12","Differentiation & Migration","IHD Up-regulated"
"82","GO:0030168",0.0233630794041485,0.996715481916461,3,124,"platelet activation","BP",2.41935483870968,"UP","ACTB, ACTG1, METAP1","Differentiation & Migration","IHD Up-regulated"
"83","GO:0030178",0.0406702021797564,0.992903909847857,3,154,"negative regulation of Wnt signaling pathway","BP",1.94805194805195,"UP","EGR1, LRP1, RACK1","Signaling Pathways","IHD Up-regulated"
"84","GO:0030217",0.00246629727586134,0.99956651873296,6,279,"T cell differentiation","BP",2.1505376344086,"UP","ACTB, EGR1, JUNB, CD46, PIK3R1, RORA","Immune Response","IHD Up-regulated"
"85","GO:0030239",0.0449939918275073,0.99530229275672,2,68,"myofibril assembly","BP",2.94117647058824,"UP","ACTG1, PRKAR1A","Muscle Organization","IHD Up-regulated"
"86","GO:0030334",0.00862392945080491,0.997124406010661,10,850,"regulation of cell migration","BP",1.17647058823529,"UP","ACTG1, CD81, LGALS3, LRP1, PIK3R1, PTEN, RACK1, CAPN7, PDGFD, CCBE1","Differentiation & Migration","IHD Up-regulated"
"87","GO:0030335",0.0109937893374798,0.99700486386992,7,494,"positive regulation of cell migration","BP",1.417004048583,"UP","ACTG1, LGALS3, PIK3R1, RACK1, CAPN7, PDGFD, CCBE1","Differentiation & Migration","IHD Up-regulated"
"88","GO:0030968",0.0470450470794026,0.99496257250324,2,71,"endoplasmic reticulum unfolded protein response","BP",2.8169014084507,"UP","PIK3R1, RACK1","Signaling Pathways","IHD Up-regulated"
"89","GO:0031400",0.0478321983853815,0.985828955463826,5,398,"negative regulation of protein modification process","BP",1.25628140703518,"UP","LGALS3, PRKAR1A, PTEN, RACK1, C9orf72","Signaling Pathways","IHD Up-regulated"
"90","GO:0032880",0.0435812692961864,0.983066031066701,8,806,"regulation of protein localization","BP",0.992555831265509,"UP","ACTB, CD81, LGALS3, LRP1, PIK3R1, PRKAR1A, RACK1, C9orf72","Protein Catabolism & Localization","IHD Up-regulated"
"91","GO:0032943",0.0461000657449945,0.988723738187415,4,265,"mononuclear cell proliferation","BP",1.50943396226415,"UP","CD81, LGALS3, CD46, PRKAR1A","Immune Response","IHD Up-regulated"
"92","GO:0032944",0.0236077926277683,0.995316725438537,4,213,"regulation of mononuclear cell proliferation","BP",1.87793427230047,"UP","CD81, LGALS3, CD46, PRKAR1A","Immune Response","IHD Up-regulated"
"93","GO:0032956",0.0174059938287643,0.996047772960419,5,309,"regulation of actin cytoskeleton organization","BP",1.61812297734628,"UP","ACTG1, LRP1, PIK3R1, DSTN, C9orf72","Muscle Organization","IHD Up-regulated"
"94","GO:0032970",0.0278633266897542,0.99285662992279,5,350,"regulation of actin filament-based process","BP",1.42857142857143,"UP","ACTG1, LRP1, PIK3R1, DSTN, C9orf72","Muscle Organization","IHD Up-regulated"
"95","GO:0033002",0.0141060899996813,0.997603340801919,4,191,"muscle cell proliferation","BP",2.09424083769634,"UP","FOS, PRKAR1A, PTEN, PDGFD","Muscle Organization","IHD Up-regulated"
"96","GO:0033120",0.0139993006242133,0.999230377423336,2,37,"positive regulation of RNA splicing","BP",5.4054054054054,"UP","PIK3R1, SLC38A2","miRNA Regulation","IHD Up-regulated"
"97","GO:0034109",0.0106506122149808,0.998888112600175,3,92,"homotypic cell-cell adhesion","BP",3.26086956521739,"UP","ACTB, ACTG1, METAP1","Differentiation & Migration","IHD Up-regulated"
"98","GO:0034198",0.023983654170495,0.99823041236261,2,49,"cellular response to amino acid starvation","BP",4.08163265306122,"UP","SLC38A2, MAP1LC3A","Metabolic Pathways","IHD Up-regulated"
"99","GO:0034248",0.0250471284856033,0.992777352216074,6,455,"regulation of amide metabolic process","BP",1.31868131868132,"UP","RPS14, ZFP36, BTG2, EIF1B, RACK1, METAP1","Ribosomal Activity","IHD Up-regulated"
"100","GO:0034599",0.0290190872477165,0.993864380511476,4,231,"cellular response to oxidative stress","BP",1.73160173160173,"UP","FOS, RACK1, PDGFD, MAP1LC3A","Hypoxia","IHD Up-regulated"
"101","GO:0034614",0.00499706121090548,0.999373175564403,4,136,"cellular response to reactive oxygen species","BP",2.94117647058824,"UP","FOS, RACK1, PDGFD, MAP1LC3A","Hypoxia","IHD Up-regulated"
"102","GO:0035195",0.0362000254359802,0.996648368592191,2,62,"miRNA-mediated post-transcriptional gene silencing","BP",3.2258064516129,"UP","ZFP36, MIR133A1HG","Ribosomal Activity","IHD Up-regulated"
"103","GO:0035710",0.0162546510003317,0.998010570199529,3,107,"CD4-positive, alpha-beta T cell activation","BP",2.80373831775701,"UP","CD81, JUNB, RORA","Immune Response","IHD Up-regulated"
"104","GO:0035904",0.0314595096324039,0.997302690898691,2,59,"aorta development","BP",3.38983050847458,"UP","LRP1, ADAMTS6","Metabolic Pathways","IHD Up-regulated"
"105","GO:0035914",9.77647484173666e-06,0.999999597859704,5,60,"skeletal muscle cell differentiation","BP",8.33333333333333,"UP","EGR1, FOS, NR4A1, BTG2, RBFOX1","Muscle Organization","IHD Up-regulated"
"106","GO:0035924",0.036585806487226,0.996594482831394,2,61,"cellular response to vascular endothelial growth factor stimulus","BP",3.27868852459016,"UP","NR4A1, CCBE1","Metabolic Pathways","IHD Up-regulated"
"107","GO:0035966",0.00683788518665036,0.999060741349763,4,153,"response to topologically incorrect protein","BP",2.61437908496732,"UP","PIK3R1, HSPB3, RACK1, DNAJB4","Signaling Pathways","IHD Up-regulated"
"108","GO:0036294",0.032173557548122,0.994879398412825,3,142,"cellular response to decreased oxygen levels","BP",2.11267605633803,"UP","EGR1, FOS, RORA","Hypoxia","IHD Up-regulated"
"109","GO:0038066",0.025838893601123,0.998013954024312,2,51,"p38MAPK cascade","BP",3.92156862745098,"UP","ZFP36, GADD45G","Signaling Pathways","IHD Up-regulated"
"110","GO:0040017",0.0158916420301469,0.995345443608831,7,530,"positive regulation of locomotion","BP",1.32075471698113,"UP","ACTG1, LGALS3, PIK3R1, RACK1, CAPN7, PDGFD, CCBE1","Muscle Organization","IHD Up-regulated"
"111","GO:0042093",0.0419805490492992,0.995782107983583,2,66,"T-helper cell differentiation","BP",3.03030303030303,"UP","JUNB, RORA","Immune Response","IHD Up-regulated"
"112","GO:0042098",0.0152828920569722,0.997341915296437,4,187,"T cell proliferation","BP",2.13903743315508,"UP","CD81, LGALS3, CD46, PRKAR1A","Immune Response","IHD Up-regulated"
"113","GO:0042110",0.000874280475402655,0.999807221215659,9,500,"T cell activation","BP",1.8,"UP","ACTB, CD81, EGR1, JUNB, LGALS3, CD46, PIK3R1, PRKAR1A, RORA","Immune Response","IHD Up-regulated"
"114","GO:0042129",0.00839873305399385,0.998775914629846,4,157,"regulation of T cell proliferation","BP",2.54777070063694,"UP","CD81, LGALS3, CD46, PRKAR1A","Immune Response","IHD Up-regulated"
"115","GO:0042255",0.0425341153838096,0.995708795569073,2,58,"ribosome assembly","BP",3.44827586206897,"UP","RPS14, SBDS","Ribosomal Activity","IHD Up-regulated"
"116","GO:0042325",0.0373745508200119,0.9850231105819,9,924,"regulation of phosphorylation","BP",0.974025974025974,"UP","ACTB, EGR1, PIK3R1, PRKAR1A, PTEN, RACK1, PDGFD, WDFY2, C9orf72","Immune Response","IHD Up-regulated"
"117","GO:0042446",0.0313289272868353,0.997323429743593,2,56,"hormone biosynthetic process","BP",3.57142857142857,"UP","EGR1, HSD17B12","Metabolic Pathways","IHD Up-regulated"
"118","GO:0042542",0.0129085374854418,0.998552712514095,3,95,"response to hydrogen peroxide","BP",3.1578947368421,"UP","CRYAB, PDGFD, MAP1LC3A","Hypoxia","IHD Up-regulated"
"119","GO:0042594",0.0153886286900752,0.997316785298187,4,195,"response to starvation","BP",2.05128205128205,"UP","FOS, ZFP36, SLC38A2, MAP1LC3A","Signaling Pathways","IHD Up-regulated"
"120","GO:0043434",0.0100119513773401,0.997643635726364,6,378,"response to peptide hormone","BP",1.58730158730159,"UP","EGR1, FOS, NR4A1, PIK3R1, PRKAR1A, BTG2","Hypoxia","IHD Up-regulated"
"121","GO:0043484",0.00948551172272989,0.998566707370561,4,169,"regulation of RNA splicing","BP",2.36686390532544,"UP","PIK3R1, SLC38A2, RBFOX1, YTHDC1","miRNA Regulation","IHD Up-regulated"
"122","GO:0043491",0.0340124873726342,0.992441769636358,4,251,"phosphatidylinositol 3-kinase/protein kinase B signal transduction","BP",1.59362549800797,"UP","PIK3R1, PTEN, RACK1, PDGFD","Signaling Pathways","IHD Up-regulated"
"123","GO:0043549",0.0435598281361266,0.9857012839347,6,526,"regulation of kinase activity","BP",1.14068441064639,"UP","ACTB, EGR1, PIK3R1, PRKAR1A, PTEN, PDGFD","Immune Response","IHD Up-regulated"
"124","GO:0044092",0.045168185215723,0.98356966722626,7,653,"negative regulation of molecular function","BP",1.07197549770291,"UP","ACTB, LGALS3, LRP1, PRKAR1A, PTEN, ZFP36, RACK1","Immune Response","IHD Up-regulated"
"125","GO:0045214",0.0196009800591578,0.998706129268345,2,43,"sarcomere organization","BP",4.65116279069767,"UP","ACTG1, PRKAR1A","Muscle Organization","IHD Up-regulated"
"126","GO:0045321",0.0280326772296142,0.989331838631553,9,861,"leukocyte activation","BP",1.04529616724739,"UP","ACTB, CD81, EGR1, JUNB, LGALS3, CD46, PIK3R1, PRKAR1A, RORA","Immune Response","IHD Up-regulated"
"127","GO:0045444",0.023059575972297,0.995456489975151,4,220,"fat cell differentiation","BP",1.81818181818182,"UP","NR4A1, RORA, ZFP36, WDFY2","Metabolic Pathways","IHD Up-regulated"
"128","GO:0045580",0.0479986541148716,0.991054845311501,3,165,"regulation of T cell differentiation","BP",1.81818181818182,"UP","ACTB, JUNB, CD46","Immune Response","IHD Up-regulated"
"129","GO:0045598",0.0221139953844266,0.996955396735998,3,123,"regulation of fat cell differentiation","BP",2.4390243902439,"UP","RORA, ZFP36, WDFY2","Metabolic Pathways","IHD Up-regulated"
"130","GO:0045600",0.0367950188974574,0.996563117745074,2,62,"positive regulation of fat cell differentiation","BP",3.2258064516129,"UP","ZFP36, WDFY2","Ribosomal Activity","IHD Up-regulated"
"131","GO:0045732",0.018165097794187,0.996671206025712,4,203,"positive regulation of protein catabolic process","BP",1.97044334975369,"UP","CD81, LRP1, RACK1, UBR3","Protein Catabolism & Localization","IHD Up-regulated"
"132","GO:0045806",0.0408068870546,0.995964105466845,2,65,"negative regulation of endocytosis","BP",3.07692307692308,"UP","LGALS3, RACK1","Membrane Transport","IHD Up-regulated"
"133","GO:0046631",0.0473549073379966,0.991223486152768,3,162,"alpha-beta T cell activation","BP",1.85185185185185,"UP","CD81, JUNB, RORA","Immune Response","IHD Up-regulated"
"134","GO:0046649",0.00939591187587859,0.997027262471072,9,717,"lymphocyte activation","BP",1.25523012552301,"UP","ACTB, CD81, EGR1, JUNB, LGALS3, CD46, PIK3R1, PRKAR1A, RORA","Immune Response","IHD Up-regulated"
"135","GO:0046651",0.0431586566629041,0.989663497811716,4,259,"lymphocyte proliferation","BP",1.54440154440154,"UP","CD81, LGALS3, CD46, PRKAR1A","Immune Response","IHD Up-regulated"
"136","GO:0048008",0.027000437873635,0.997871956061041,2,54,"platelet-derived growth factor receptor signaling pathway","BP",3.7037037037037,"UP","LRP1, PDGFD","Metabolic Pathways","IHD Up-regulated"
"137","GO:0048488",0.0437922101307616,0.995493429417682,2,69,"synaptic vesicle endocytosis","BP",2.89855072463768,"UP","ACTB, ACTG1","Membrane Transport","IHD Up-regulated"
"138","GO:0048514",0.0219714205929568,0.99313058476287,7,573,"blood vessel morphogenesis","BP",1.2216404886562,"UP","ACTG1, NR4A1, JUNB, LRP1, RORA, S100A1, CCBE1","Muscle Organization","IHD Up-regulated"
"139","GO:0050657",0.0382604787945336,0.9934830500793,3,151,"nucleic acid transport","BP",1.98675496688742,"UP","ZFP36, RBFOX1, YTHDC1","Ribosomal Activity","IHD Up-regulated"
"140","GO:0050658",0.0382604787945336,0.9934830500793,3,151,"RNA transport","BP",1.98675496688742,"UP","ZFP36, RBFOX1, YTHDC1","Ribosomal Activity","IHD Up-regulated"
"141","GO:0050670",0.0226419586677581,0.995565398499615,4,210,"regulation of lymphocyte proliferation","BP",1.9047619047619,"UP","CD81, LGALS3, CD46, PRKAR1A","Immune Response","IHD Up-regulated"
"142","GO:0050854",0.0370271451125839,0.996529649479445,2,62,"regulation of antigen receptor-mediated signaling pathway","BP",3.2258064516129,"UP","CD81, LGALS3","Immune Response","IHD Up-regulated"
"143","GO:0050856",0.0205596935007923,0.998605943969896,2,45,"regulation of T cell receptor signaling pathway","BP",4.44444444444444,"UP","CD81, LGALS3","Immune Response","IHD Up-regulated"
"144","GO:0050863",0.00780897072025254,0.998257860251168,6,344,"regulation of T cell activation","BP",1.74418604651163,"UP","ACTB, CD81, JUNB, LGALS3, CD46, PRKAR1A","Immune Response","IHD Up-regulated"
"145","GO:0050865",0.0293150283360434,0.990274340885051,7,592,"regulation of cell activation","BP",1.18243243243243,"UP","ACTB, CD81, JUNB, LGALS3, CD46, PRKAR1A, RORA","Immune Response","IHD Up-regulated"
"146","GO:0050900",0.0292112521223031,0.992420286834208,5,336,"leukocyte migration","BP",1.48809523809524,"UP","CD81, LGALS3, PIK3R1, SBDS, PDGFD","Differentiation & Migration","IHD Up-regulated"
"147","GO:0051051",0.041407990490342,0.988205654389939,5,377,"negative regulation of transport","BP",1.3262599469496,"UP","CRYAB, LGALS3, PTEN, RACK1, UBR3","Muscle Organization","IHD Up-regulated"
"148","GO:0051236",0.0400726377385232,0.993048500145563,3,154,"establishment of RNA localization","BP",1.94805194805195,"UP","ZFP36, RBFOX1, YTHDC1","Ribosomal Activity","IHD Up-regulated"
"149","GO:0051248",0.00692180541415577,0.997766715020372,10,811,"negative regulation of protein metabolic process","BP",1.23304562268804,"UP","CRYAB, LGALS3, LRP1, PRKAR1A, PTEN, ZFP36, BTG2, ITM2B, RACK1, C9orf72","Muscle Organization","IHD Up-regulated"
"150","GO:0051249",0.0298670466089384,0.991032118298627,6,465,"regulation of lymphocyte activation","BP",1.29032258064516,"UP","ACTB, CD81, JUNB, LGALS3, CD46, PRKAR1A","Immune Response","IHD Up-regulated"
"151","GO:0051338",0.0349205258732051,0.987979030873857,7,629,"regulation of transferase activity","BP",1.11287758346582,"UP","ACTB, EGR1, PIK3R1, PRKAR1A, PTEN, ZFP36, PDGFD","Immune Response","IHD Up-regulated"
"152","GO:0051602",0.000767947143034442,0.999969460089588,3,37,"response to electrical stimulus","BP",8.10810810810811,"UP","NR4A1, PTEN, BTG2","Metabolic Pathways","IHD Up-regulated"
"153","GO:0051668",0.0442530139581418,0.983973096788973,7,659,"localization within membrane","BP",1.06221547799697,"UP","ACTB, CD81, LGALS3, LRP1, PIK3R1, RACK1, MTCH1","Protein Catabolism & Localization","IHD Up-regulated"
"154","GO:0051893",0.0351716323035732,0.996793886473232,2,62,"regulation of focal adhesion assembly","BP",3.2258064516129,"UP","ACTG1, PTEN","Muscle Organization","IHD Up-regulated"
"155","GO:0055002",0.0472380368418668,0.994932013765313,2,70,"striated muscle cell development","BP",2.85714285714286,"UP","ACTG1, PRKAR1A","Muscle Organization","IHD Up-regulated"
"156","GO:0055086",0.0242181320764768,0.992277800542916,7,555,"nucleobase-containing small molecule metabolic process","BP",1.26126126126126,"UP","DPYD, NME3, RORA, SLC4A7, AASS, HSD17B12, CSGALNACT1","Metabolic Pathways","IHD Up-regulated"
"157","GO:0060070",0.048055417115633,0.988083771850317,4,281,"canonical Wnt signaling pathway","BP",1.42348754448399,"UP","EGR1, PTEN, WNT9A, LGR4","Signaling Pathways","IHD Up-regulated"
"158","GO:0060211",0.00235775781095782,0.999951548496997,2,15,"regulation of nuclear-transcribed mRNA poly(A) tail shortening","BP",13.3333333333333,"UP","ZFP36, BTG2","Ribosomal Activity","IHD Up-regulated"
"159","GO:0060213",0.0017869457373961,0.999968687755745,2,13,"positive regulation of nuclear-transcribed mRNA poly(A) tail shortening","BP",15.3846153846154,"UP","ZFP36, BTG2","Ribosomal Activity","IHD Up-regulated"
"160","GO:0060284",0.0272868887604596,0.990319036587613,8,742,"regulation of cell development","BP",1.07816711590296,"UP","ACTB, FOS, JUNB, CD46, PIK3R1, PTEN, ZFP36, BTG2","Immune Response","IHD Up-regulated"
"161","GO:0060341",0.0128151305340336,0.995460483324102,10,905,"regulation of cellular localization","BP",1.10497237569061,"UP","ACTB, CD81, CRYAB, LGALS3, LRP1, PIK3R1, PRKAR1A, ZFP36, RACK1, C9orf72","Differentiation & Migration","IHD Up-regulated"
"162","GO:0060395",0.0473273516774224,0.994914316264971,2,72,"SMAD protein signal transduction","BP",2.77777777777778,"UP","FOS, LRP1","Muscle Organization","IHD Up-regulated"
"163","GO:0060537",0.00255648071303524,0.999469488082663,7,382,"muscle tissue development","BP",1.83246073298429,"UP","EGR1, FOS, NR4A1, MYL6, PRKAR1A, BTG2, RBFOX1","Muscle Organization","IHD Up-regulated"
"164","GO:0060538",0.000103059954410099,0.999990208943288,6,155,"skeletal muscle organ development","BP",3.87096774193548,"UP","EGR1, FOS, NR4A1, MYL6, BTG2, RBFOX1","Muscle Organization","IHD Up-regulated"
"165","GO:0061614",0.0422342729438911,0.995738666228703,2,69,"miRNA transcription","BP",2.89855072463768,"UP","EGR1, FOS","miRNA Regulation","IHD Up-regulated"
"166","GO:0070301",0.0404165202289503,0.996024904814798,2,64,"cellular response to hydrogen peroxide","BP",3.125,"UP","PDGFD, MAP1LC3A","Hypoxia","IHD Up-regulated"
"167","GO:0070527",0.00475021364519768,0.999632480823761,3,68,"platelet aggregation","BP",4.41176470588235,"UP","ACTB, ACTG1, METAP1","Differentiation & Migration","IHD Up-regulated"
"168","GO:0070633",0.0100640304705482,0.999537342573879,2,32,"transepithelial transport","BP",6.25,"UP","ACTB, ACTG1","Membrane Transport","IHD Up-regulated"
"169","GO:0070661",0.017397786043398,0.996051465368581,5,296,"leukocyte proliferation","BP",1.68918918918919,"UP","CD81, JUNB, LGALS3, CD46, PRKAR1A","Differentiation & Migration","IHD Up-regulated"
"170","GO:0070663",0.0324145067758588,0.992907503258101,4,235,"regulation of leukocyte proliferation","BP",1.70212765957447,"UP","CD81, LGALS3, CD46, PRKAR1A","Immune Response","IHD Up-regulated"
"171","GO:0070848",0.00134400453250458,0.999656215412548,10,658,"response to growth factor","BP",1.51975683890578,"UP","EGR1, FOS, NR4A1, ZFP36, NREP, SLC4A7, RACK1, GAREM1, PDGFD, CCBE1","Metabolic Pathways","IHD Up-regulated"
"172","GO:0070849",0.0010747750341632,0.999951585628142,3,43,"response to epidermal growth factor","BP",6.97674418604651,"UP","FOS, ZFP36, GAREM1","Signaling Pathways","IHD Up-regulated"
"173","GO:0071214",0.0175259276811034,0.996013643419299,5,309,"cellular response to abiotic stimulus","BP",1.61812297734628,"UP","CRYAB, EGR1, PIK3R1, PTEN, SLC38A2","Hypoxia","IHD Up-regulated"
"174","GO:0071363",0.000943836010815377,0.999769824874053,10,629,"cellular response to growth factor stimulus","BP",1.58982511923688,"UP","EGR1, FOS, NR4A1, ZFP36, NREP, SLC4A7, RACK1, GAREM1, PDGFD, CCBE1","Metabolic Pathways","IHD Up-regulated"
"175","GO:0071364",0.000867002633660903,0.999963885109206,3,40,"cellular response to epidermal growth factor stimulus","BP",7.5,"UP","FOS, ZFP36, GAREM1","Signaling Pathways","IHD Up-regulated"
"176","GO:0071375",0.0428008274190296,0.989771816943135,4,274,"cellular response to peptide hormone stimulus","BP",1.45985401459854,"UP","FOS, NR4A1, PIK3R1, PRKAR1A","Muscle Organization","IHD Up-regulated"
"177","GO:0071453",0.0407498865697672,0.992883529428862,3,156,"cellular response to oxygen levels","BP",1.92307692307692,"UP","EGR1, FOS, RORA","Hypoxia","IHD Up-regulated"
"178","GO:0071456",0.0262846744444311,0.99613256036538,3,131,"cellular response to hypoxia","BP",2.29007633587786,"UP","EGR1, FOS, RORA","Hypoxia","IHD Up-regulated"
"179","GO:0071478",0.0491049990341534,0.990764607104871,3,167,"cellular response to radiation","BP",1.79640718562874,"UP","CRYAB, EGR1, PIK3R1","Hypoxia","IHD Up-regulated"
"180","GO:0071479",0.0437062627746549,0.995508454451554,2,68,"cellular response to ionizing radiation","BP",2.94117647058824,"UP","CRYAB, EGR1","Hypoxia","IHD Up-regulated"
"181","GO:0071480",0.00688502876757291,0.999743613844645,2,25,"cellular response to gamma radiation","BP",8,"UP","CRYAB, EGR1","Hypoxia","IHD Up-regulated"
"182","GO:0072521",0.0300814523313468,0.990954018109148,6,454,"purine-containing compound metabolic process","BP",1.3215859030837,"UP","DPYD, NME3, RORA, SLC4A7, AASS, HSD17B12","Metabolic Pathways","IHD Up-regulated"
"183","GO:0072527",0.00818621760076002,0.99922604784724,3,80,"pyrimidine-containing compound metabolic process","BP",3.75,"UP","DPYD, NME3, SLC4A7","Metabolic Pathways","IHD Up-regulated"
"184","GO:0072528",0.0193174969284924,0.99873678812981,2,41,"pyrimidine-containing compound biosynthetic process","BP",4.8780487804878,"UP","NME3, SLC4A7","Metabolic Pathways","IHD Up-regulated"
"185","GO:0072538",0.0163832498380374,0.999018744437702,2,40,"T-helper 17 type immune response","BP",5,"UP","JUNB, RORA","Immune Response","IHD Up-regulated"
"186","GO:0072539",0.00853564755183525,0.999642303602549,2,28,"T-helper 17 cell differentiation","BP",7.14285714285714,"UP","JUNB, RORA","Immune Response","IHD Up-regulated"
"187","GO:0072657",0.023080405813514,0.992711425540283,7,571,"protein localization to membrane","BP",1.22591943957968,"UP","ACTB, CD81, LGALS3, LRP1, PIK3R1, RACK1, MTCH1","Protein Catabolism & Localization","IHD Up-regulated"
"188","GO:0072659",0.00225813358248226,0.999610114216709,6,274,"protein localization to plasma membrane","BP",2.18978102189781,"UP","ACTB, CD81, LGALS3, LRP1, PIK3R1, RACK1","Protein Catabolism & Localization","IHD Up-regulated"
"189","GO:0090109",0.0351716323035732,0.996793886473232,2,62,"regulation of cell-substrate junction assembly","BP",3.2258064516129,"UP","ACTG1, PTEN","Muscle Organization","IHD Up-regulated"
"190","GO:0097529",0.0207649208081818,0.996040440587022,4,197,"myeloid leukocyte migration","BP",2.03045685279188,"UP","CD81, LGALS3, PIK3R1, PDGFD","Differentiation & Migration","IHD Up-regulated"
"191","GO:0098974",0.00104407187617262,0.999986659085279,2,10,"postsynaptic actin cytoskeleton organization","BP",20,"UP","ACTB, ACTG1","Membrane Transport","IHD Up-regulated"
"192","GO:0099188",0.00149298101217556,0.999976399524291,2,12,"postsynaptic cytoskeleton organization","BP",16.6666666666667,"UP","ACTB, ACTG1","Membrane Transport","IHD Up-regulated"
"193","GO:0104004",0.0175259276811034,0.996013643419299,5,309,"cellular response to environmental stimulus","BP",1.61812297734628,"UP","CRYAB, EGR1, PIK3R1, PTEN, SLC38A2","Hypoxia","IHD Up-regulated"
"194","GO:0110053",0.0342450788055744,0.99237395348525,4,251,"regulation of actin filament organization","BP",1.59362549800797,"UP","ACTG1, PIK3R1, DSTN, C9orf72","Muscle Organization","IHD Up-regulated"
"195","GO:0120178",0.0134070907425963,0.999281144647148,2,35,"steroid hormone biosynthetic process","BP",5.71428571428571,"UP","EGR1, HSD17B12","Metabolic Pathways","IHD Up-regulated"
"196","GO:0140238",0.0448944263324227,0.995315549567014,2,70,"presynaptic endocytosis","BP",2.85714285714286,"UP","ACTB, ACTG1","Membrane Transport","IHD Up-regulated"
"197","GO:0140467",0.0159168702664714,0.999061966106976,2,39,"integrated stress response signaling","BP",5.12820512820513,"UP","FOS, JUNB","Muscle Organization","IHD Up-regulated"
"198","GO:0140694",0.012792255739969,0.996825445869771,6,389,"non-membrane-bounded organelle assembly","BP",1.54241645244216,"UP","ACTG1, PRKAR1A, PTEN, RPS14, SBDS, C9orf72","Muscle Organization","IHD Up-regulated"
"199","GO:0150105",0.00478904133246182,0.999853395751645,2,22,"protein localization to cell-cell junction","BP",9.09090909090909,"UP","ACTB, ACTG1","Membrane Transport","IHD Up-regulated"
"200","GO:0150111",7.06520402568221e-05,0.999999887291041,2,3,"regulation of transepithelial transport","BP",66.6666666666667,"UP","ACTB, ACTG1","Membrane Transport","IHD Up-regulated"
"201","GO:0150115",0.0121779876232398,0.998662060282446,3,101,"cell-substrate junction organization","BP",2.97029702970297,"UP","ACTG1, PIK3R1, PTEN","Muscle Organization","IHD Up-regulated"
"202","GO:0150116",0.00397019769583727,0.999712006176776,3,67,"regulation of cell-substrate junction organization","BP",4.47761194029851,"UP","ACTG1, PIK3R1, PTEN","Muscle Organization","IHD Up-regulated"
"203","GO:0198738",0.0041440203502383,0.999060932715583,7,417,"cell-cell signaling by wnt","BP",1.67865707434053,"UP","EGR1, LRP1, PTEN, WNT9A, RACK1, HBP1, LGR4","Signaling Pathways","IHD Up-regulated"
"204","GO:1900101",0.00823337501254377,0.999661361919724,2,28,"regulation of endoplasmic reticulum unfolded protein response","BP",7.14285714285714,"UP","PIK3R1, RACK1","Signaling Pathways","IHD Up-regulated"
"205","GO:1900242",0.00356003206637483,0.999907504793294,2,19,"regulation of synaptic vesicle endocytosis","BP",10.5263157894737,"UP","ACTB, ACTG1","Membrane Transport","IHD Up-regulated"
"206","GO:1901652",0.00607486964518718,0.998521910602472,7,449,"response to peptide","BP",1.55902004454343,"UP","EGR1, FOS, NR4A1, LRP1, PIK3R1, PRKAR1A, BTG2","Hypoxia","IHD Up-regulated"
"207","GO:1901653",0.0211604344724703,0.994948795597744,5,329,"cellular response to peptide","BP",1.51975683890578,"UP","FOS, NR4A1, LRP1, PIK3R1, PRKAR1A","Muscle Organization","IHD Up-regulated"
"208","GO:1902041",0.0181188113298036,0.998853591716184,2,42,"regulation of apoptotic signaling pathway via DDR","BP",4.76190476190476,"UP","LGALS3, PTEN","Signaling Pathways","IHD Up-regulated"
"209","GO:1902105",0.013544877861386,0.997113392372493,5,286,"regulation of leukocyte differentiation","BP",1.74825174825175,"UP","ACTB, FOS, JUNB, CD46, PIK3R1","Immune Response","IHD Up-regulated"
"210","GO:1902107",0.0479385680500302,0.991070467045728,3,165,"positive regulation of leukocyte differentiation","BP",1.81818181818182,"UP","ACTB, FOS, CD46","Immune Response","IHD Up-regulated"
"211","GO:1902893",0.0411575679667703,0.995906469000868,2,68,"regulation of miRNA transcription","BP",2.94117647058824,"UP","EGR1, FOS","miRNA Regulation","IHD Up-regulated"
"212","GO:1902895",0.023259434595807,0.998310589981804,2,50,"positive regulation of miRNA transcription","BP",4,"UP","EGR1, FOS","miRNA Regulation","IHD Up-regulated"
"213","GO:1902903",0.0324889514890895,0.991327057965474,5,361,"regulation of supramolecular fiber organization","BP",1.38504155124654,"UP","ACTG1, CRYAB, PIK3R1, DSTN, C9orf72","Muscle Organization","IHD Up-regulated"
"214","GO:1903037",0.0275337436387834,0.992964765839571,5,337,"regulation of leukocyte cell-cell adhesion","BP",1.48367952522255,"UP","ACTB, CD81, LGALS3, CD46, PRKAR1A","Immune Response","IHD Up-regulated"
"215","GO:1903076",0.000138920014413306,0.999989765141832,5,101,"regulation of protein localization to plasma membrane","BP",4.95049504950495,"UP","ACTB, LGALS3, LRP1, PIK3R1, RACK1","Immune Response","IHD Up-regulated"
"216","GO:1903078",0.000181888069727773,0.999990915553673,4,58,"positive regulation of protein localization to plasma membrane","BP",6.89655172413793,"UP","LGALS3, LRP1, PIK3R1, RACK1","Signaling Pathways","IHD Up-regulated"
"217","GO:1903131",0.004789950025095,0.99888521260817,7,423,"mononuclear cell differentiation","BP",1.6548463356974,"UP","ACTB, EGR1, FOS, JUNB, CD46, PIK3R1, RORA","Immune Response","IHD Up-regulated"
"218","GO:1903311",0.046832298880506,0.988482407084917,4,280,"regulation of mRNA metabolic process","BP",1.42857142857143,"UP","ZFP36, BTG2, RBFOX1, YTHDC1","Ribosomal Activity","IHD Up-regulated"
"219","GO:1903421",0.00673328225095426,0.999751524028236,2,26,"regulation of synaptic vesicle recycling","BP",7.69230769230769,"UP","ACTB, ACTG1","Membrane Transport","IHD Up-regulated"
"220","GO:1903706",0.00873546251542572,0.998003622825595,6,361,"regulation of hemopoiesis","BP",1.66204986149584,"UP","ACTB, FOS, JUNB, CD46, PIK3R1, ZFP36","Immune Response","IHD Up-regulated"
"221","GO:1903708",0.0479385680500302,0.991070467045728,3,165,"positive regulation of hemopoiesis","BP",1.81818181818182,"UP","ACTB, FOS, CD46","Immune Response","IHD Up-regulated"
"222","GO:1904350",0.00117762958381879,0.999983726939504,2,11,"regulation of protein catabolic process in the vacuole","BP",18.1818181818182,"UP","CD81, LRP1","Protein Catabolism & Localization","IHD Up-regulated"
"223","GO:1904352",0.000226502500905048,0.999998934423673,2,5,"positive regulation of protein catabolic processes","BP",40,"UP","CD81, LRP1","Protein Catabolism & Localization","IHD Up-regulated"
"224","GO:1904375",0.000408959654141787,0.999961664496923,5,128,"regulation of protein localization to cell periphery","BP",3.90625,"UP","ACTB, LGALS3, LRP1, PIK3R1, RACK1","Immune Response","IHD Up-regulated"
"225","GO:1904377",0.000372501270409785,0.999977349597182,4,70,"positive regulation of protein localization to cell periphery","BP",5.71428571428571,"UP","LGALS3, LRP1, PIK3R1, RACK1","Signaling Pathways","IHD Up-regulated"
"226","GO:1905475",0.000199582171926124,0.999978527349863,6,172,"regulation of protein localization to membrane","BP",3.48837209302326,"UP","ACTB, CD81, LGALS3, LRP1, PIK3R1, RACK1","Protein Catabolism & Localization","IHD Up-regulated"
"227","GO:1905517",0.038151180716446,0.996373352056425,2,57,"macrophage migration","BP",3.50877192982456,"UP","CD81, LGALS3","Immune Response","IHD Up-regulated"
"228","GO:1990778",0.00595059679715986,0.998746213374073,6,334,"protein localization to cell periphery","BP",1.79640718562874,"UP","ACTB, CD81, LGALS3, LRP1, PIK3R1, RACK1","Protein Catabolism & Localization","IHD Up-regulated"
"229","GO:1990928",0.0266322584162016,0.997918498196481,2,52,"response to amino acid starvation","BP",3.84615384615385,"UP","SLC38A2, MAP1LC3A","Metabolic Pathways","IHD Up-regulated"
"230","GO:2000147",0.0140599835903235,0.995980647722268,7,517,"positive regulation of cell motility","BP",1.35396518375242,"UP","ACTG1, LGALS3, PIK3R1, RACK1, CAPN7, PDGFD, CCBE1","Muscle Organization","IHD Up-regulated"
"231","GO:2000514",0.0476464957577154,0.994865556453105,2,69,"regulation of CD4-positive, alpha-beta T cell activation","BP",2.89855072463768,"UP","CD81, JUNB","Differentiation & Migration","IHD Up-regulated"
"232","GO:2000630",0.0344087293055735,0.996901512799883,2,61,"positive regulation of miRNA metabolic process","BP",3.27868852459016,"UP","EGR1, FOS","miRNA Regulation","IHD Up-regulated"
"233","GO:2001188",0.000407718371329647,0.999997192634549,2,6,"regulation of T-cell activation","BP",33.3333333333333,"UP","CD81, LGALS3","Immune Response","IHD Up-regulated"
"234","GO:0000245",0.0340168796540178,0.996947303597973,2,75,"spliceosomal complex assembly","BP",2.66666666666667,"DOWN","SRSF6, SCAF11","RNA Biogenesis","IHD Down-regulated"
"235","GO:0000380",0.0389730046756478,0.996244283571322,2,67,"alternative mRNA splicing, via spliceosome","BP",2.98507462686567,"DOWN","DDX5, SRSF6","RNA Biogenesis","IHD Down-regulated"
"236","GO:0000381",0.0243528831559264,0.998190474696478,2,50,"regulation of alternative mRNA splicing, via spliceosome","BP",4,"DOWN","DDX5, SRSF6","RNA Biogenesis","IHD Down-regulated"
"237","GO:0001504",0.0170868733907625,0.998953598105089,2,42,"neurotransmitter uptake","BP",4.76190476190476,"DOWN","SLC1A3, SLC38A1","RNA Biogenesis","IHD Down-regulated"
"238","GO:0001725",0.00790021237374896,0.999266871358543,3,70,"stress fiber","CC",4.28571428571429,"DOWN","NEBL, FAM107A, SYNPO","Heart Organization","IHD Down-regulated"
"239","GO:0002931",0.0306702584163439,0.997412616026329,2,57,"response to ischemia","BP",3.50877192982456,"DOWN","BCL2, RCAN1","Ischemia","IHD Down-regulated"
"240","GO:0003007",0.00383208150526979,0.999267740251063,6,241,"heart morphogenesis","BP",2.4896265560166,"DOWN","INSR, MYBPC3, TNNI3, PPP1R13L, CCDC40, SYNPO2L","Heart Development","IHD Down-regulated"
"241","GO:0003012",0.0216652971148819,0.993979739852045,6,396,"muscle system process","BP",1.51515151515152,"DOWN","MYBPC3, SCN5A, TNNI3, PPP1R13L, ANKRD2, TMEM38B","Heart Development","IHD Down-regulated"
"242","GO:0003013",0.00891501663225938,0.997432526479419,8,535,"circulatory system process","BP",1.49532710280374,"DOWN","INSR, MYBPC3, SCN5A, SLC1A3, TNNI3, PPP1R13L, TMEM38B, SLC38A1","Heart Development","IHD Down-regulated"
"243","GO:0003015",0.00966535960763716,0.99811393567754,5,234,"heart process","BP",2.13675213675214,"DOWN","MYBPC3, SCN5A, TNNI3, PPP1R13L, TMEM38B","Heart Development","IHD Down-regulated"
"244","GO:0003205",0.00348965344456573,0.999468650072481,5,160,"cardiac chamber development","BP",3.125,"DOWN","MYBPC3, SCN5A, TNNI3, PPP1R13L, GREB1L","Heart Development","IHD Down-regulated"
"245","GO:0003206",0.0338210841555025,0.994536576874996,3,120,"cardiac chamber morphogenesis","BP",2.5,"DOWN","MYBPC3, TNNI3, PPP1R13L","Heart Development","IHD Down-regulated"
"246","GO:0003208",0.00741592049203077,0.999328864244998,3,65,"cardiac ventricle morphogenesis","BP",4.61538461538461,"DOWN","MYBPC3, TNNI3, PPP1R13L","Heart Development","IHD Down-regulated"
"247","GO:0003229",0.00502010310352476,0.999607999217275,3,53,"ventricular cardiac muscle tissue development","BP",5.66037735849057,"DOWN","MYBPC3, TNNI3, PPP1R13L","Heart Development","IHD Down-regulated"
"248","GO:0003231",0.00104459337617118,0.99988002626193,5,119,"cardiac ventricle development","BP",4.20168067226891,"DOWN","MYBPC3, SCN5A, TNNI3, PPP1R13L, GREB1L","Heart Development","IHD Down-regulated"
"249","GO:0003254",0.0278120449434507,0.997790534536833,2,44,"regulation of membrane depolarization","BP",4.54545454545455,"DOWN","BCL2, SCN5A","Heart Development","IHD Down-regulated"
"250","GO:0003333",0.010412688003957,0.998924563547407,3,91,"amino acid transmembrane transport","BP",3.2967032967033,"DOWN","SLC1A3, SLC38A1, SLC15A4","Cellular Transport","IHD Down-regulated"
"251","GO:0003724",0.0486124724005309,0.994709223256111,2,71,"RNA helicase activity","MF",2.8169014084507,"DOWN","DDX5, DDX10","RNA Biogenesis","IHD Down-regulated"
"252","GO:0005283",0.00534496162270314,0.999829203908584,2,19,"amino acid:sodium symporter activity","MF",10.5263157894737,"DOWN","SLC1A3, SLC38A1","Cellular Transport","IHD Down-regulated"
"253","GO:0005342",0.0296181318076324,0.995440777151887,3,149,"organic acid transmembrane transporter activity","MF",2.01342281879195,"DOWN","SLC1A3, SLC38A1, SLC15A4","Cellular Transport","IHD Down-regulated"
"254","GO:0005343",0.011097667690039,0.999464100138206,2,32,"organic acid:sodium symporter activity","MF",6.25,"DOWN","SLC1A3, SLC38A1","Cellular Transport","IHD Down-regulated"
"255","GO:0005416",0.00762988784579096,0.999701691804477,2,24,"amino acid:monoatomic cation symporter activity","MF",8.33333333333333,"DOWN","SLC1A3, SLC38A1","Cellular Transport","IHD Down-regulated"
"256","GO:0005547",0.0275526258963585,0.997831528469456,2,39,"phosphatidylinositol-3,4,5-trisphosphate binding","MF",5.12820512820513,"DOWN","OBSCN, COMMD1","Signaling","IHD Down-regulated"
"257","GO:0005635",0.0344306021496566,0.989348497041548,6,475,"nuclear envelope","CC",1.26315789473684,"DOWN","BCL2, DST, INSR, RRP12, TMEM38B, TMEM120B","Heart Development","IHD Down-regulated"
"258","GO:0005740",0.0425486527391378,0.986136226330953,6,750,"mitochondrial envelope","CC",0.8,"DOWN","BCL2, SLC25A20, CPT1B, OGDH, GRAMD4, CHCHD3","Heart Development","IHD Down-regulated"
"259","GO:0006364",0.00790499001035596,0.998866428420923,4,216,"rRNA processing","BP",1.85185185185185,"DOWN","DDX10, RMRP, URB1, RRP12","RNA Biogenesis","IHD Down-regulated"
"260","GO:0006812",0.0435162481145437,0.982144727355719,9,935,"monoatomic cation transport","BP",0.962566844919786,"DOWN","BCL2, SCN5A, SLC1A3, KCNAB2, TMEM38B, SPG11, SLC38A1, SLC15A4, COMMD1","Cellular Transport","IHD Down-regulated"
"261","GO:0006839",0.00464599852203275,0.999428156419881,4,183,"mitochondrial transport","BP",2.18579234972678,"DOWN","BCL2, SLC25A20, CPT1B, ARIH2","Cellular Transport","IHD Down-regulated"
"262","GO:0006853",7.25745475970859e-05,0.999999834439264,2,4,"carnitine shuttle","BP",50,"DOWN","SLC25A20, CPT1B","Cellular Transport","IHD Down-regulated"
"263","GO:0006865",0.0337994198562472,0.994532449588598,3,135,"amino acid transport","BP",2.22222222222222,"DOWN","SLC1A3, SLC38A1, SLC15A4","Cellular Transport","IHD Down-regulated"
"264","GO:0006936",0.00805480368781334,0.998198985031302,6,317,"muscle contraction","BP",1.89274447949527,"DOWN","MYBPC3, SCN5A, TNNI3, PPP1R13L, ANKRD2, TMEM38B","Heart Development","IHD Down-regulated"
"265","GO:0006937",0.00797884232375583,0.998857454407326,4,155,"regulation of muscle contraction","BP",2.58064516129032,"DOWN","MYBPC3, SCN5A, TNNI3, TMEM38B","Heart Development","IHD Down-regulated"
"266","GO:0006941",0.0037743138122872,0.999413834841451,5,175,"striated muscle contraction","BP",2.85714285714286,"DOWN","MYBPC3, SCN5A, TNNI3, PPP1R13L, TMEM38B","Heart Development","IHD Down-regulated"
"267","GO:0006942",0.00168334909417397,0.999845622553606,4,91,"regulation of striated muscle contraction","BP",4.3956043956044,"DOWN","MYBPC3, SCN5A, TNNI3, TMEM38B","Heart Development","IHD Down-regulated"
"268","GO:0007015",0.00330118942694952,0.999197616182179,8,432,"actin filament organization","BP",1.85185185185185,"DOWN","BCL2, MET, BCAR1, NEBL, FAM107A, SYNPO, SHROOM3, SYNPO2L","Heart Development","IHD Down-regulated"
"269","GO:0007044",0.0296691553098597,0.995462005671054,3,94,"cell-substrate junction assembly","BP",3.19148936170213,"DOWN","BCL2, DST, FAM107A","Heart Development","IHD Down-regulated"
"270","GO:0007507",0.00258607532208506,0.999281170073343,10,555,"heart development","BP",1.8018018018018,"DOWN","INSR, MYBPC3, SCN5A, TNNI3, NEBL, PPP1R13L, CCDC40, ALPK3, SYNPO2L, GREB1L","Heart Development","IHD Down-regulated"
"271","GO:0007517",0.000535989663556591,0.999902654466698,8,312,"muscle organ development","BP",2.56410256410256,"DOWN","BCL2, DDX5, RCAN1, MYBPC3, TNNI3, DPF3, ANKRD2, SPG11","Heart Development","IHD Down-regulated"
"272","GO:0007519",0.00794828904790339,0.998864344824078,4,144,"skeletal muscle tissue development","BP",2.77777777777778,"DOWN","BCL2, DDX5, RCAN1, SPG11","Heart Development","IHD Down-regulated"
"273","GO:0008092",0.00403779347213445,0.998597898281184,13,955,"cytoskeletal protein binding","MF",1.36125654450262,"DOWN","DST, MYBPC3, SCN5A, TNNI3, NEBL, FAM107A, SYNPO, KIF26B, SHROOM3, SYNPO2L, OBSCN, TOGARAM2, MYO18A","Signaling","IHD Down-regulated"
"274","GO:0008200",0.0085522305586025,0.999639918489958,2,31,"ion channel inhibitor activity","MF",6.45161290322581,"DOWN","TNNI3, COMMD1","Signaling","IHD Down-regulated"
"275","GO:0008307",0.0002561131247836,0.999986352327545,4,39,"structural constituent of muscle","MF",10.2564102564103,"DOWN","MYBPC3, NEBL, ANKRD2, OBSCN","Signaling","IHD Down-regulated"
"276","GO:0008376",0.00960851290570735,0.999568313242017,2,34,"acetylgalactosaminyltransferase activity","MF",5.88235294117647,"DOWN","GALNT17, GALNT18","Signaling","IHD Down-regulated"
"277","GO:0008652",0.0342964525950917,0.996911074305074,2,72,"amino acid biosynthetic process","BP",2.77777777777778,"DOWN","SLC1A3, SLC38A1","Metabolic Pathways","IHD Down-regulated"
"278","GO:0009100",0.0233663398688953,0.994294396496869,5,340,"glycoprotein metabolic process","BP",1.47058823529412,"DOWN","BCL2, ST3GAL6, GALNT17, HS6ST3, GALNT18","Metabolic Pathways","IHD Down-regulated"
"279","GO:0009101",0.0111145564974457,0.997751906313243,5,277,"glycoprotein biosynthetic process","BP",1.80505415162455,"DOWN","BCL2, ST3GAL6, GALNT17, HS6ST3, GALNT18","Metabolic Pathways","IHD Down-regulated"
"280","GO:0009448",0.000797583490120855,0.999991556813569,2,8,"gamma-aminobutyric acid metabolic process","BP",25,"DOWN","SLC1A3, SLC38A1","Metabolic Pathways","IHD Down-regulated"
"281","GO:0009449",0.000445689025389386,0.999996795826356,2,6,"aminobutyric acid biosynthetic process","BP",33.3333333333333,"DOWN","SLC1A3, SLC38A1","Metabolic Pathways","IHD Down-regulated"
"282","GO:0009725",0.0426494276226852,0.983565804662347,8,763,"response to hormone","BP",1.04849279161206,"DOWN","BCL2, BSG, DDX5, INSR, SRSF6, BCAR1, FAM107A, ZNF106","Heart Development","IHD Down-regulated"
"283","GO:0009887",0.00178085265322824,0.999439006315452,13,892,"animal organ morphogenesis","BP",1.45739910313901,"DOWN","BCL2, BSG, INSR, MYBPC3, SCN5A, SRSF6, TNNI3, PPP1R13L, AHDC1, CCDC40, KIF26B, SYNPO2L, GREB1L","Heart Development","IHD Down-regulated"
"284","GO:0010232",0.0189959453697172,0.997553248251602,3,83,"vascular transport","BP",3.6144578313253,"DOWN","INSR, SLC1A3, SLC38A1","Cellular Transport","IHD Down-regulated"
"285","GO:0010882",0.0101717364289238,0.999538266832637,2,24," regulation of cardiac muscle contraction","BP",8.33333333333333,"DOWN","TNNI3, TMEM38B","Heart Development","IHD Down-regulated"
"286","GO:0010959",0.00711032134493026,0.998450184884741,6,348,"regulation of metal ion transport","BP",1.72413793103448,"DOWN","BCL2, SCN5A, KCNAB2, TMEM38B, SPG11, COMMD1","Cellular Transport","IHD Down-regulated"
"287","GO:0014706",0.0040254205874027,0.99922326446367,6,235,"striated muscle tissue development","BP",2.5531914893617,"DOWN","MYBPC3, SCN5A, TNNI3, NEBL, PPP1R13L, ALPK3","Heart Development","IHD Down-regulated"
"288","GO:0014902",0.0290123846220746,0.995587462929508,3,111,"myotube differentiation","BP",2.7027027027027,"DOWN","BCL2, RCAN1, SPG11","Heart Development","IHD Down-regulated"
"289","GO:0014904",0.00107386737129514,0.999952295741243,3,35,"myotube cell development","BP",8.57142857142857,"DOWN","BCL2, RCAN1, SPG11","Heart Development","IHD Down-regulated"
"290","GO:0015171",0.00517586029598742,0.999587025140123,3,74,"amino acid transmembrane transporter activity","MF",4.05405405405405,"DOWN","SLC1A3, SLC38A1, SLC15A4","Cellular Transport","IHD Down-regulated"
"291","GO:0015175",0.0160636402242699,0.999049443648172,2,40,"neutral L-amino acid transmembrane transporter activity","MF",5,"DOWN","SLC1A3, SLC38A1","Cellular Transport","IHD Down-regulated"
"292","GO:0015179",0.00261705770063936,0.99983718384145,3,60,"L-amino acid transmembrane transporter activity","MF",5,"DOWN","SLC1A3, SLC38A1, SLC15A4","Cellular Transport","IHD Down-regulated"
"293","GO:0015291",0.0381880350118292,0.991219206070714,4,268,"secondary active transmembrane transporter activity","MF",1.49253731343284,"DOWN","SLC1A3, SLC38A1, SLC15A4, SLC2A12","Cellular Transport","IHD Down-regulated"
"294","GO:0015293",0.00448033539926578,0.999456510925456,4,136,"symporter activity","MF",2.94117647058824,"DOWN","SLC1A3, SLC38A1, SLC15A4, SLC2A12","Cellular Transport","IHD Down-regulated"
"295","GO:0015294",0.0177163273366549,0.997765758984091,3,107,"solute:monoatomic cation symporter activity","MF",2.80373831775701,"DOWN","SLC1A3, SLC38A1, SLC15A4","Cellular Transport","IHD Down-regulated"
"296","GO:0015629",0.00686023373623152,0.998113188390055,8,476,"actin cytoskeleton","CC",1.68067226890756,"DOWN","TNNI3, BCAR1, NEBL, FAM107A, SYNPO, SHROOM3, SYNPO2L, MYO18A","Heart Development","IHD Down-regulated"
"297","GO:0015711",0.0331239745732809,0.991133861964376,5,390,"organic anion transport","BP",1.28205128205128,"DOWN","SLC25A20, CPT1B, SLC1A3, SLC38A1, SLC15A4","Cellular Transport","IHD Down-regulated"
"298","GO:0015804",0.025752053220886,0.998026429082855,2,52,"neutral amino acid transport","BP",3.84615384615385,"DOWN","SLC1A3, SLC38A1","Cellular Transport","IHD Down-regulated"
"299","GO:0015807",0.00911826245199724,0.999104415108111,3,84,"L-amino acid transport","BP",3.57142857142857,"DOWN","SLC1A3, SLC38A1, SLC15A4","Cellular Transport","IHD Down-regulated"
"300","GO:0015849",0.0147382125057143,0.996800152644157,5,309,"organic acid transport","BP",1.61812297734628,"DOWN","SLC25A20, CPT1B, SLC1A3, SLC38A1, SLC15A4","Cellular Transport","IHD Down-regulated"
"301","GO:0015909",0.0201021992767423,0.998646634854796,2,56,"long-chain fatty acid transport","BP",3.57142857142857,"DOWN","SLC25A20, CPT1B","Cellular Transport","IHD Down-regulated"
"302","GO:0016072",0.0162482399385214,0.997121520238532,4,250,"rRNA metabolic process","BP",1.6,"DOWN","DDX10, RMRP, URB1, RRP12","RNA Biogenesis","IHD Down-regulated"
"303","GO:0016247",0.00233980154771253,0.999763443752655,4,125,"channel regulator activity","MF",3.2,"DOWN","BCL2, TNNI3, KCNAB2, COMMD1","Signaling","IHD Down-regulated"
"304","GO:0016248",0.000401879804266056,0.999987363186134,3,32,"channel inhibitor activity","MF",9.375,"DOWN","BCL2, TNNI3, COMMD1","Signaling","IHD Down-regulated"
"305","GO:0017046",0.0180400452254734,0.998863146236291,2,42,"peptide hormone binding","MF",4.76190476190476,"DOWN","INSR, VIPR2","Signaling","IHD Down-regulated"
"306","GO:0019213",0.0121724665523224,0.999379817775733,2,36,"deacetylase activity","MF",5.55555555555556,"DOWN","CES2, MACROD1","Signaling","IHD Down-regulated"
"307","GO:0019362",0.0358859934097259,0.99668442847198,2,76,"pyridine nucleotide metabolic process","BP",2.63157894736842,"DOWN","KCNAB2, NMRK2","Metabolic Pathways","IHD Down-regulated"
"308","GO:0019722",0.0201660474946056,0.996199090674502,4,193,"calcium-mediated signaling","BP",2.07253886010363,"DOWN","RCAN1, TNNI3, TMEM38B, C10orf71","Signaling","IHD Down-regulated"
"309","GO:0019904",0.0480246020710219,0.982362800350188,7,611,"protein domain specific binding","MF",1.14566284779051,"DOWN","BCL2, DDX5, INSR, SCN5A, TNNI3, BCAR1, ZNF106","Signaling","IHD Down-regulated"
"310","GO:0019932",0.0155269954811443,0.996587436961607,5,280,"second-messenger-mediated signaling","BP",1.78571428571429,"DOWN","RCAN1, TNNI3, PDE10A, TMEM38B, C10orf71","Signaling","IHD Down-regulated"
"311","GO:0022613",0.00805874260502802,0.998193073256105,6,455,"ribonucleoprotein complex biogenesis","BP",1.31868131868132,"DOWN","DDX10, RMRP, SRSF6, SCAF11, URB1, RRP12","RNA Biogenesis","IHD Down-regulated"
"312","GO:0030016",1.75641268755129e-06,0.999999804655205,10,226,"myofibril","CC",4.42477876106195,"DOWN","DST, MYBPC3, SCN5A, TNNI3, NEBL, SYNPO, ANKRD2, SYNPO2L, OBSCN, C10orf71","Heart Organization","IHD Down-regulated"
"313","GO:0030017",6.8517562715325e-07,0.999999931682781,10,207,"sarcomere","CC",4.83091787439614,"DOWN","DST, MYBPC3, SCN5A, TNNI3, NEBL, SYNPO, ANKRD2, SYNPO2L, OBSCN, C10orf71","Heart Organization","IHD Down-regulated"
"314","GO:0030018",4.17985919527568e-05,0.99999574636024,7,130,"Z disc","CC",5.38461538461539,"DOWN","DST, SCN5A, NEBL, SYNPO, SYNPO2L, OBSCN, C10orf71","Heart Organization","IHD Down-regulated"
"315","GO:0030029",0.00180902470869471,0.99945690022698,12,751,"actin filament-based process","BP",1.59786950732357,"DOWN","BCL2, MET, MYBPC3, SCN5A, BCAR1, NEBL, FAM107A, SYNPO, SHROOM3, SYNPO2L, OBSCN, MYO18A","Heart Development","IHD Down-regulated"
"316","GO:0030036",0.00627874916502538,0.998015701812256,10,668,"actin cytoskeleton organization","BP",1.49700598802395,"DOWN","BCL2, MET, BCAR1, NEBL, FAM107A, SYNPO, SHROOM3, SYNPO2L, OBSCN, MYO18A","Heart Development","IHD Down-regulated"
"317","GO:0030239",0.0132913662499474,0.99850881073863,3,68,"myofibril assembly","BP",4.41176470588235,"DOWN","NEBL, SYNPO2L, OBSCN","Heart Development","IHD Down-regulated"
"318","GO:0030506",0.0151890205749239,0.999164433621493,2,19,"ankyrin binding","MF",10.5263157894737,"DOWN","SCN5A, OBSCN","Signaling","IHD Down-regulated"
"319","GO:0031032",0.0102977176385876,0.99796315625029,5,198,"actomyosin structure organization","BP",2.52525252525253,"DOWN","MET, NEBL, SYNPO2L, OBSCN, MYO18A","Heart Development","IHD Down-regulated"
"320","GO:0031432",0.00276493923422361,0.999939580431427,2,13,"titin binding","MF",15.3846153846154,"DOWN","MYBPC3, OBSCN","Signaling","IHD Down-regulated"
"321","GO:0031672",0.00212237795990705,0.999880783275089,3,33,"A band","CC",9.09090909090909,"DOWN","DST, MYBPC3, OBSCN","Heart Organization","IHD Down-regulated"
"322","GO:0031674",6.2756028072198e-06,0.999999411188752,8,143,"I band","CC",5.59440559440559,"DOWN","DST, SCN5A, NEBL, SYNPO, ANKRD2, SYNPO2L, OBSCN, C10orf71","Heart Organization","IHD Down-regulated"
"323","GO:0032231",0.0224023165619352,0.996918386058583,3,99,"regulation of actin filament bundle assembly","BP",3.03030303030303,"DOWN","MET, SYNPO, SYNPO2L","Heart Development","IHD Down-regulated"
"324","GO:0032233",0.0409177539201731,0.995962993498367,2,59,"positive regulation of actin filament bundle assembly","BP",3.38983050847458,"DOWN","SYNPO, SYNPO2L","Heart Development","IHD Down-regulated"
"325","GO:0032365",0.0236820264194976,0.998269576560165,2,47,"intracellular lipid transport","BP",4.25531914893617,"DOWN","SLC25A20, CPT1B","Cellular Transport","IHD Down-regulated"
"326","GO:0032432",0.01018470995487,0.998960241043404,3,78,"actin filament bundle","CC",3.84615384615385,"DOWN","NEBL, FAM107A, SYNPO","Heart Organization","IHD Down-regulated"
"327","GO:0032787",0.0257462382816733,0.992545961801054,6,562,"monocarboxylic acid metabolic process","BP",1.06761565836299,"DOWN","CPT1B, INSR, OGDH, SLC1A3, CES2, SLC38A1","Metabolic Pathways","IHD Down-regulated"
"328","GO:0032868",0.0445553457375335,0.989253920647392,4,240,"response to insulin","BP",1.66666666666667,"DOWN","INSR, SRSF6, BCAR1, ZNF106","Metabolic Pathways","IHD Down-regulated"
"329","GO:0032970",0.0172885447159551,0.995436144079202,6,350,"regulation of actin filament-based process","BP",1.71428571428571,"DOWN","MET, MYBPC3, SCN5A, FAM107A, SYNPO, SYNPO2L","Heart Development","IHD Down-regulated"
"330","GO:0032982",0.0152725891910844,0.999150529668949,2,21,"myosin filament","CC",9.52380952380952,"DOWN","MYBPC3, MYO18A","Heart Organization","IHD Down-regulated"
"331","GO:0033173",0.0249641951224882,0.998131001281481,2,42,"calcineurin-NFAT signaling cascade","BP",4.76190476190476,"DOWN","RCAN1, C10orf71","Signaling","IHD Down-regulated"
"332","GO:0034162",0.00258449513378025,0.999943370722077,2,18,"toll-like receptor 9 signaling pathway","BP",11.1111111111111,"DOWN","GRAMD4, SLC15A4","Signaling","IHD Down-regulated"
"333","GO:0034163",0.00091387679156795,0.999989104160109,2,10,"regulation of TLR 9 signaling pathway","BP",20,"DOWN","GRAMD4, SLC15A4","Signaling","IHD Down-regulated"
"334","GO:0034762",0.0194597042399248,0.994089238903057,7,510,"regulation of transmembrane transport","BP",1.37254901960784,"DOWN","BCL2, INSR, SCN5A, KCNAB2, TMEM38B, SLC38A1, COMMD1","Heart Development","IHD Down-regulated"
"335","GO:0036002",0.0129114237243657,0.999320799789968,2,37,"pre-mRNA binding","MF",5.4054054054054,"DOWN","DDX5, SRSF6","RNA Biogenesis","IHD Down-regulated"
"336","GO:0036379",0.00446000801629646,0.99986778906838,2,24,"myofilament","CC",8.33333333333333,"DOWN","MYBPC3, TNNI3","Heart Organization","IHD Down-regulated"
"337","GO:0040007",0.0398502068333539,0.983917908074925,9,830,"growth","BP",1.08433734939759,"DOWN","BCL2, INSR, BCAR1, ARIH2, PPP1R13L, FAM107A, KIF26B, TMEM38B, SPG11","Heart Development","IHD Down-regulated"
"338","GO:0042254",0.0284297531760168,0.994028465900487,4,309,"ribosome biogenesis","BP",1.29449838187702,"DOWN","DDX10, RMRP, URB1, RRP12","RNA Biogenesis","IHD Down-regulated"
"339","GO:0042641",0.00121063560946443,0.999899042411736,4,76,"actomyosin","CC",5.26315789473684,"DOWN","NEBL, FAM107A, SYNPO, MYO18A","Heart Organization","IHD Down-regulated"
"340","GO:0042692",0.00599037898414677,0.998554450478844,7,367,"muscle cell differentiation","BP",1.90735694822888,"DOWN","BCL2, RCAN1, NEBL, ALPK3, SYNPO2L, SPG11, OBSCN","Heart Development","IHD Down-regulated"
"341","GO:0042887",0.017993906160531,0.998866639365475,2,43,"amide transmembrane transporter activity","MF",4.65116279069767,"DOWN","SLC1A3, SLC15A4","Cellular Transport","IHD Down-regulated"
"342","GO:0043269",0.0431345482016928,0.985921785084528,6,504,"regulation of monoatomic ion transport","BP",1.19047619047619,"DOWN","BCL2, SCN5A, KCNAB2, TMEM38B, SPG11, COMMD1","Heart Development","IHD Down-regulated"
"343","GO:0043292",2.17403554246544e-06,0.999999752035453,10,234,"contractile fiber","CC",4.27350427350427,"DOWN","DST, MYBPC3, SCN5A, TNNI3, NEBL, SYNPO, ANKRD2, SYNPO2L, OBSCN, C10orf71","Heart Organization","IHD Down-regulated"
"344","GO:0043325",0.014323866489402,0.999213496127352,2,29,"phosphatidylinositol-3,4-bisphosphate binding","MF",6.89655172413793,"DOWN","OBSCN, COMMD1","Cellular Transport","IHD Down-regulated"
"345","GO:0044843",0.00790107231026196,0.998531075048274,5,246,"cell cycle G1/S phase transition","BP",2.03252032520325,"DOWN","BACH1, BCL2, DPF3, FAM107A, NACC2","Cell Cycle","IHD Down-regulated"
"346","GO:0045178",0.0229059428542068,0.994443676307628,5,280,"basal part of cell","CC",1.78571428571429,"DOWN","DST, BSG, MET, SLC1A3, SLC38A1","Heart Organization","IHD Down-regulated"
"347","GO:0045445",0.0022479052293369,0.999776296222394,4,100,"myoblast differentiation","BP",4,"DOWN","DDX5, DPF3, ANKRD2, NMRK2","Differentiation","IHD Down-regulated"
"348","GO:0045661",0.00500913859622998,0.999605915551507,3,68,"regulation of myoblast differentiation","BP",4.41176470588235,"DOWN","DPF3, ANKRD2, NMRK2","Differentiation","IHD Down-regulated"
"349","GO:0045662",0.00533309726410279,0.999826221575592,2,25,"negative regulation of myoblast differentiation","BP",8,"DOWN","ANKRD2, NMRK2","Differentiation","IHD Down-regulated"
"350","GO:0046496",0.0358859934097259,0.99668442847198,2,76,"nicotinamide nucleotide metabolic process","BP",2.63157894736842,"DOWN","KCNAB2, NMRK2","Metabolic Pathways","IHD Down-regulated"
"351","GO:0046942",0.014613235988936,0.996834106881145,5,308,"carboxylic acid transport","BP",1.62337662337662,"DOWN","SLC25A20, CPT1B, SLC1A3, SLC38A1, SLC15A4","Cellular Transport","IHD Down-regulated"
"352","GO:0046943",0.0292675744816052,0.995515626095801,3,148,"carboxylic acid transmembrane transporter activity","MF",2.02702702702703,"DOWN","SLC1A3, SLC38A1, SLC15A4","Cellular Transport","IHD Down-regulated"
"353","GO:0048738",0.00311037890322227,0.999431023706426,6,219,"cardiac muscle tissue development","BP",2.73972602739726,"DOWN","MYBPC3, SCN5A, TNNI3, NEBL, PPP1R13L, ALPK3","Heart Development","IHD Down-regulated"
"354","GO:0048741",0.000765056423714324,0.999970027778482,3,31,"skeletal muscle fiber development","BP",9.67741935483871,"DOWN","BCL2, RCAN1, SPG11","Heart Development","IHD Down-regulated"
"355","GO:0050853",0.032794048616487,0.997120208756129,2,68,"B cell receptor signaling pathway","BP",2.94117647058824,"DOWN","BCL2, BCAR1","Signaling","IHD Down-regulated"
"356","GO:0051017",0.0111681271496236,0.998237752143139,4,153,"actin filament bundle assembly","BP",2.61437908496732,"DOWN","MET, FAM107A, SYNPO, SYNPO2L","Heart Development","IHD Down-regulated"
"357","GO:0051146",0.00124174737770999,0.999774920360269,7,270,"striated muscle cell differentiation","BP",2.59259259259259,"DOWN","BCL2, RCAN1, NEBL, ALPK3, SYNPO2L, SPG11, OBSCN","Heart Development","IHD Down-regulated"
"358","GO:0055001",0.000115332614227934,0.999986072997136,7,175,"muscle cell development","BP",4,"DOWN","BCL2, RCAN1, NEBL, ALPK3, SYNPO2L, SPG11, OBSCN","Heart Development","IHD Down-regulated"
"359","GO:0055002",0.0137901239161171,0.998430353771028,3,70,"striated muscle cell development","BP",4.28571428571429,"DOWN","NEBL, SYNPO2L, OBSCN","Heart Development","IHD Down-regulated"
"360","GO:0055010",0.0350394154914541,0.996853262246206,2,42,"ventricular cardiac muscle tissue morphogenesis","BP",4.76190476190476,"DOWN","MYBPC3, TNNI3","Heart Development","IHD Down-regulated"
"361","GO:0055117",0.0085724739019463,0.999180193422015,3,71,"regulation of cardiac muscle contraction","BP",4.22535211267606,"DOWN","SCN5A, TNNI3, TMEM38B","Heart Development","IHD Down-regulated"
"362","GO:0060047",0.00779079402323557,0.998558103504207,5,222,"heart contraction","BP",2.25225225225225,"DOWN","MYBPC3, SCN5A, TNNI3, PPP1R13L, TMEM38B","Heart Development","IHD Down-regulated"
"363","GO:0060048",0.00112581121439281,0.99986826010217,5,129,"cardiac muscle contraction","BP",3.87596899224806,"DOWN","MYBPC3, SCN5A, TNNI3, PPP1R13L, TMEM38B","Heart Development","IHD Down-regulated"
"364","GO:0060218",0.0155731066807758,0.999099465949364,2,34,"hematopoietic stem cell differentiation","BP",5.88235294117647,"DOWN","BCL2, SH2B3","Heart Development","IHD Down-regulated"
"365","GO:0060537",9.95016119947617e-05,0.999982000446699,10,382,"muscle tissue development","BP",2.61780104712042,"DOWN","BCL2, DDX5, RCAN1, MYBPC3, SCN5A, TNNI3, NEBL, PPP1R13L, ALPK3, SPG11","Heart Development","IHD Down-regulated"
"366","GO:0060538",0.0097608320848779,0.998518632423649,4,155,"skeletal muscle organ development","BP",2.58064516129032,"DOWN","BCL2, DDX5, RCAN1, SPG11","Heart Development","IHD Down-regulated"
"367","GO:0060562",0.0375478225665321,0.9896254568064,5,309,"epithelial tube morphogenesis","BP",1.61812297734628,"DOWN","BCL2, MET, CCDC40, KIF26B, GREB1L","Heart Development","IHD Down-regulated"
"368","GO:0060675",0.00428669353921498,0.999683017143503,3,56,"ureteric bud morphogenesis","BP",5.35714285714286,"DOWN","BCL2, KIF26B, GREB1L","Heart Development","IHD Down-regulated"
"369","GO:0060993",0.0166137981412977,0.997963154833182,3,86,"kidney morphogenesis","BP",3.48837209302326,"DOWN","BCL2, KIF26B, GREB1L","Heart Development","IHD Down-regulated"
"370","GO:0061061",5.22719542778579e-05,0.99998875798995,13,617,"muscle structure development","BP",2.10696920583468,"DOWN","BCL2, DDX5, RCAN1, MYBPC3, TNNI3, DPF3, NEBL, ANKRD2, NMRK2, ALPK3, SYNPO2L, SPG11, OBSCN","Heart Development","IHD Down-regulated"
"371","GO:0061326",0.0176931806106597,0.99777605921593,3,92,"renal tubule development","BP",3.26086956521739,"DOWN","BCL2, KIF26B, GREB1L","Heart Development","IHD Down-regulated"
"372","GO:0061333",0.00878286633484918,0.999152953505096,3,70,"renal tubule morphogenesis","BP",4.28571428571429,"DOWN","BCL2, KIF26B, GREB1L","Heart Development","IHD Down-regulated"
"373","GO:0070884",0.020124176862409,0.998662876414704,2,37,"regulation of calcineurin-NFAT signaling cascade","BP",5.4054054054054,"DOWN","RCAN1, C10orf71","Signaling","IHD Down-regulated"
"374","GO:0071312",0.0205865359774422,0.998620603987112,2,34,"cellular response to alkaloid","BP",5.88235294117647,"DOWN","SLC1A3, TMEM38B","Signaling","IHD Down-regulated"
"375","GO:0072009",0.0258682202153547,0.996236715529729,3,107,"nephron epithelium development","BP",2.80373831775701,"DOWN","BCL2, KIF26B, GREB1L","Heart Development","IHD Down-regulated"
"376","GO:0072028",0.00896095303509273,0.999129432335569,3,70,"nephron morphogenesis","BP",4.28571428571429,"DOWN","BCL2, KIF26B, GREB1L","Heart Development","IHD Down-regulated"
"377","GO:0072073",0.0470521202711515,0.991336566129808,3,137,"kidney epithelium development","BP",2.18978102189781,"DOWN","BCL2, KIF26B, GREB1L","Heart Development","IHD Down-regulated"
"378","GO:0072078",0.00712151233827285,0.999364605381734,3,66,"nephron tubule morphogenesis","BP",4.54545454545455,"DOWN","BCL2, KIF26B, GREB1L","Heart Development","IHD Down-regulated"
"379","GO:0072080",0.0158708989656024,0.998086187428266,3,88,"nephron tubule development","BP",3.40909090909091,"DOWN","BCL2, KIF26B, GREB1L","Heart Development","IHD Down-regulated"
"380","GO:0072088",0.0076318450380803,0.999301173709285,3,68,"nephron epithelium morphogenesis","BP",4.41176470588235,"DOWN","BCL2, KIF26B, GREB1L","Heart Development","IHD Down-regulated"
"381","GO:0072163",0.0134248913654706,0.998479007661566,3,87,"mesonephric epithelium development","BP",3.44827586206897,"DOWN","BCL2, KIF26B, GREB1L","Heart Development","IHD Down-regulated"
"382","GO:0072164",0.0134248913654706,0.998479007661566,3,87,"mesonephric tubule development","BP",3.44827586206897,"DOWN","BCL2, KIF26B, GREB1L","Heart Development","IHD Down-regulated"
"383","GO:0072171",0.00437210396240328,0.999674211318619,3,57,"mesonephric tubule morphogenesis","BP",5.26315789473684,"DOWN","BCL2, KIF26B, GREB1L","Heart Development","IHD Down-regulated"
"384","GO:0072521",0.0358462696974891,0.990194208446468,5,454,"purine-containing compound metabolic process","BP",1.10132158590308,"DOWN","OGDH, KCNAB2, PDE10A, NMRK2, MACROD1","Metabolic Pathways","IHD Down-regulated"
"385","GO:0072524",0.0417491751258347,0.995807249134945,2,82,"pyridine-containing compound metabolic process","BP",2.4390243902439,"DOWN","KCNAB2, NMRK2","Metabolic Pathways","IHD Down-regulated"
"386","GO:0089718",0.0295987298313627,0.99756699984564,2,45,"amino acid import across plasma membrane","BP",4.44444444444444,"DOWN","SLC1A3, SLC38A1","Metabolic Pathways","IHD Down-regulated"
"387","GO:0090257",0.0272303296246324,0.994372505315879,4,213,"regulation of muscle system process","BP",1.87793427230047,"DOWN","MYBPC3, SCN5A, TNNI3, TMEM38B","Heart Development","IHD Down-regulated"
"388","GO:0097435",0.02763384779276,0.989561508686236,9,755,"supramolecular fiber organization","BP",1.19205298013245,"DOWN","BCL2, MET, BCAR1, NEBL, FAM107A, SYNPO, SHROOM3, SYNPO2L, OBSCN","Heart Development","IHD Down-regulated"
"389","GO:0097479",0.0416909423508027,0.995854005616676,2,54,"synaptic vesicle localization","BP",3.7037037037037,"DOWN","SYNDIG1, SPG11","Signaling","IHD Down-regulated"
"390","GO:0097512",0.000115835375370661,0.999999577493441,2,6,"cardiac myofibril","CC",33.3333333333333,"DOWN","MYBPC3, TNNI3","Heart Organization","IHD Down-regulated"
"391","GO:0097517",0.00790021237374896,0.999266871358543,3,70,"contractile actin filament bundle","CC",4.28571428571429,"DOWN","NEBL, FAM107A, SYNPO","Heart Organization","IHD Down-regulated"
"392","GO:0097720",0.0286861141384751,0.997681280511097,2,45,"calcineurin-mediated signaling","BP",4.44444444444444,"DOWN","RCAN1, C10orf71","Signaling","IHD Down-regulated"
"393","GO:0098739",0.0323757006873324,0.992951157891719,4,190,"import across plasma membrane","BP",2.10526315789474,"DOWN","SCN5A, SLC1A3, SLC38A1, SLC15A4","Signaling","IHD Down-regulated"
"394","GO:0098900",0.0435300053001017,0.995577581599753,2,50,"regulation of action potential","BP",4,"DOWN","SCN5A, KCNAB2","Signaling","IHD Down-regulated"
"395","GO:0099081",0.000103955076174349,0.999973267986433,15,847,"supramolecular polymer","CC",1.77095631641086,"DOWN","DST, MYBPC3, SCN5A, TNNI3, KCNAB2, NEBL, SYNPO, ANKRD2, KIF26B, SHROOM3, SYNPO2L, OBSCN, C10orf71, TOGARAM2, MYO18A","Heart Organization","IHD Down-regulated"
"396","GO:0099106",0.0170647068693809,0.997873891917446,3,120,"ion channel regulator activity","MF",2.5,"DOWN","TNNI3, KCNAB2, COMMD1","Signaling","IHD Down-regulated"
"397","GO:0099512",8.73751235528613e-05,0.999977894859921,15,839,"supramolecular fiber","CC",1.78784266984505,"DOWN","DST, MYBPC3, SCN5A, TNNI3, KCNAB2, NEBL, SYNPO, ANKRD2, KIF26B, SHROOM3, SYNPO2L, OBSCN, C10orf71, TOGARAM2, MYO18A","Heart Organization","IHD Down-regulated"
"398","GO:0106056",0.0215124859141448,0.998517582735371,2,38,"regulation of calcineurin-mediated signaling","BP",5.26315789473684,"DOWN","RCAN1, C10orf71","Signaling","IHD Down-regulated"
"399","GO:0140272",0.0494787501190641,0.994558136409033,2,74,"exogenous protein binding","MF",2.7027027027027,"DOWN","BSG, PVR","Signaling","IHD Down-regulated"
"400","GO:0140894",0.012581221721179,0.999344438437534,2,41,"endolysosomal toll-like receptor signaling pathway","BP",4.8780487804878,"DOWN","GRAMD4, SLC15A4","Signaling","IHD Down-regulated"
"401","GO:1901991",0.0445730083674902,0.991944742183498,3,174,"negative regulation of mitotic cell cycle phase transition","BP",1.72413793103448,"DOWN","BCL2, FAM107A, NACC2","Cell Cycle","IHD Down-regulated"
"402","GO:1902001",0.00395037493358708,0.999891458468521,2,20,"fatty acid transmembrane transport","BP",10,"DOWN","SLC25A20, CPT1B","Cellular Transport","IHD Down-regulated"
"403","GO:1902229",0.00667211283982868,0.999750919980482,2,37,"regulation of intrinsic apoptotic signaling pathway in response to DNA damage","BP",5.4054054054054,"DOWN","BCL2, NACC2","Signaling","IHD Down-regulated"
"404","GO:1902305",0.0427411320949417,0.995696023760619,2,52,"regulation of sodium ion transmembrane transport","BP",3.84615384615385,"DOWN","SCN5A, COMMD1","Cellular Transport","IHD Down-regulated"
"405","GO:1902475",0.00434400941749784,0.999675361860452,3,67,"L-alpha-amino acid transmembrane transport","BP",4.47761194029851,"DOWN","SLC1A3, SLC38A1, SLC15A4","Cellular Transport","IHD Down-regulated"
"406","GO:1902806",0.0114822207342686,0.998170026469742,4,176,"regulation of cell cycle G1/S phase transition","BP",2.27272727272727,"DOWN","BCL2, DPF3, FAM107A, NACC2","Cell Cycle","IHD Down-regulated"
"407","GO:1902807",0.00571233783718508,0.999527962713179,3,73,"negative regulation of cell cycle G1/S phase transition","BP",4.10958904109589,"DOWN","BCL2, FAM107A, NACC2","Cell Cycle","IHD Down-regulated"
"408","GO:1903115",0.0350808623383313,0.996853065425218,2,40,"regulation of actin filament-based movement","BP",5,"DOWN","MYBPC3, SCN5A","Heart Development","IHD Down-regulated"
"409","GO:1903825",0.000766272096874917,0.99991754900484,5,144,"organic acid transmembrane transport","BP",3.47222222222222,"DOWN","SLC25A20, CPT1B, SLC1A3, SLC38A1, SLC15A4","Cellular Transport","IHD Down-regulated"
"410","GO:1904036",0.0371210135960414,0.996543425654567,2,49,"negative regulation of epithelial cell apoptotic process","BP",4.08163265306122,"DOWN","BCL2, SRSF6","Cellular Transport","IHD Down-regulated"
"411","GO:1904062",0.0130449420536135,0.997255304521443,5,274,"regulation of monoatomic cation transmembrane transport","BP",1.82481751824818,"DOWN","BCL2, SCN5A, KCNAB2, TMEM38B, COMMD1","Cellular Transport","IHD Down-regulated"
"412","GO:1904063",0.0464757710842955,0.995064723551148,2,71,"negative regulation of cation transmembrane transport","BP",2.8169014084507,"DOWN","BCL2, COMMD1","Cellular Transport","IHD Down-regulated"
"413","GO:1905039",0.000751310203831853,0.999919524321011,5,143,"carboxylic acid transmembrane transport","BP",3.4965034965035,"DOWN","SLC25A20, CPT1B, SLC1A3, SLC38A1, SLC15A4","Cellular Transport","IHD Down-regulated"
"414","GO:1990542",0.0139127018141569,0.999226924258776,2,60,"mitochondrial transmembrane transport","BP",3.33333333333333,"DOWN","SLC25A20, CPT1B","Cellular Transport","IHD Down-regulated"
"415","GO:2000008",0.0232488027628986,0.998327170361142,2,40,"regulation of protein localization to cell surface","BP",5,"DOWN","KCNAB2, COMMD1","Cellular Transport","IHD Down-regulated"
"416","GO:2000045",0.00754151291716284,0.998937295647927,4,156,"regulation of G1/S transition of mitotic cell cycle","BP",2.56410256410256,"DOWN","BCL2, DPF3, FAM107A, NACC2","Cell Cycle","IHD Down-regulated"
"417","GO:2000134",0.00523130966269459,0.999581807634282,3,69,"negative regulation of G1/S transition of mitotic cell cycle","BP",4.34782608695652,"DOWN","BCL2, FAM107A, NACC2","Cell Cycle","IHD Down-regulated"
