22	23524384	A	T	.	647	17	0	3	0	exonic	BCR	nonsynonymous	BCR:NM_004327:exon1:c.A1237T:p.I413F,BCR:NM_021574:exon1:c.A1237T:p.I413F,
10	112764489	A	C	.	1737	4	0	5	3.229e-05	exonic	SHOC2	synonymous	SHOC2:NM_007373:exon5:c.A1098C:p.R366R,SHOC2:NM_001269039:exon3:c.A960C:p.R320R,
2	25471002	G	A	.	637	4	0	14	0.0073	exonic	DNMT3A	synonymous	DNMT3A:NM_022552:exon7:c.C759T:p.P253P,DNMT3A:NM_175629:exon7:c.C759T:p.P253P,DNMT3A:NM_153759:exon3:c.C192T:p.P64P,
7	151970835	T	C	.	2773	116	0	14	0.0010	exonic	KMT2C	nonsynonymous	KMT2C:NM_170606:exon7:c.A967G:p.I323V,
12	49445187	T	C	.	672	9	0	16	0	exonic	KMT2D	nonsynonymous	KMT2D:NM_003482:exon10:c.A2279G:p.H760R,
20	57428330	C	T	.	1184	4	0	16	0	exonic	GNAS	nonsynonymous	GNAS:NM_080425:exon1:c.C10T:p.R4C,
22	32198766	T	A	.	1457	4	0	17	0	exonic	DEPDC5	synonymous	DEPDC5:NM_001136029:exon14:c.T1023A:p.G341G,DEPDC5:NM_001242897:exon15:c.T1023A:p.G341G,DEPDC5:NM_001242896:exon15:c.T1023A:p.G341G,DEPDC5:NM_001007188:exon15:c.T1023A:p.G341G,DEPDC5:NM_014662:exon14:c.T1023A:p.G341G,
17	29560110	T	G	.	1727	9	0	21	0	exonic	NF1	nonsynonymous	NF1:NM_001042492:exon27:c.T3587G:p.L1196R,NF1:NM_000267:exon27:c.T3587G:p.L1196R,
4	55964879	T	A	.	980	4	0	22	0	exonic	KDR	synonymous	KDR:NM_002253:exon16:c.A2358T:p.L786L,
15	90176924	C	T	.	831	5	0	22	3.23e-05	exonic	KIF7	nonsynonymous	KIF7:NM_198525:exon12:c.G2585A:p.R862H,
9	135780958	A	C	.	861	4	0	23	0	intronic	TSC1
12	112910946	G	A	.	1010	28	0	23	0	intronic	PTPN11
17	29663684	A	G	.	2050	6	0	24	0	exonic	NF1	nonsynonymous	NF1:NM_001042492:exon42:c.A6179G:p.K2060R,NF1:NM_000267:exon41:c.A6116G:p.K2039R,
19	3110283	C	G	.	1632	8	0	25	0	exonic	GNA11	nonsynonymous	GNA11:NM_002067:exon2:c.C273G:p.I91M,
19	47104775	G	T	.	10	4	0	29	0.0002	intronic	CALM3
8	38285620	G	C	.	1275	6	0	37	0.0008	intronic	FGFR1
17	29546094	C	G	.	1389	18	0	37	0.0001	exonic	NF1	synonymous	NF1:NM_001042492:exon14:c.C1599G:p.V533V,NF1:NM_000267:exon14:c.C1599G:p.V533V,NF1:NM_001128147:exon14:c.C1599G:p.V533V,
2	212295779	G	T	.	1916	9	0	40	0	exonic	ERBB4	nonsynonymous	ERBB4:NM_005235:exon21:c.C2534A:p.A845E,ERBB4:NM_001042599:exon21:c.C2534A:p.A845E,
5	56177395	A	G	.	661	4	0	40	0	splicing	MAP3K1(NM_005921:exon14:c.2370-2A>G)
2	25463283	A	G	.	1142	13	0	41	0	exonic	DNMT3A	nonsynonymous	DNMT3A:NM_022552:exon19:c.T2210C:p.L737P,DNMT3A:NM_175629:exon19:c.T2210C:p.L737P,DNMT3A:NM_153759:exon15:c.T1643C:p.L548P,
12	49426650	T	C	.	410	70	0	42	0	exonic	KMT2D	synonymous	KMT2D:NM_003482:exon39:c.A11838G:p.Q3946Q,
2	25463568	A	G	.	1642	4	0	44	0	exonic	DNMT3A	nonsynonymous	DNMT3A:NM_022552:exon18:c.T2114C:p.I705T,DNMT3A:NM_175629:exon18:c.T2114C:p.I705T,DNMT3A:NM_153759:exon14:c.T1547C:p.I516T,
2	39261982	G	A	.	557	8	0	48	0	intronic	SOS1
2	29451895	G	T	.	790	4	0	49	0	exonic	ALK	synonymous	ALK:NM_004304:exon16:c.C2670A:p.L890L,
7	151970734	T	C	.	923	48	0	56	0	intronic	KMT2C
7	151932953	G	A	.	1938	5	0	57	0	exonic	KMT2C	synonymous	KMT2C:NM_170606:exon16:c.C2718T:p.G906G,
20	57429665	G	A	.	526	4	0	63	0	exonic	GNAS	nonsynonymous	GNAS:NM_080425:exon1:c.G1345A:p.A449T,
12	49433188	G	A	.	1030	7	0	65	0	intronic	KMT2D
17	29554565	T	C	.	1625	6	0	67	0	exonic	NF1	nonsynonymous	NF1:NM_001042492:exon20:c.T2350C:p.W784R,NF1:NM_000267:exon20:c.T2350C:p.W784R,
6	138197165	A	G	.	1717	6	0	68	0	exonic	TNFAIP3	nonsynonymous	TNFAIP3:NM_006290:exon5:c.A667G:p.N223D,TNFAIP3:NM_001270508:exon5:c.A667G:p.N223D,TNFAIP3:NM_001270507:exon5:c.A667G:p.N223D,
12	69230558	T	A	.	531	5	0	72	0	intronic	MDM2
2	25463291	G	C	.	756	4	0	73	0	exonic	DNMT3A	nonsynonymous	DNMT3A:NM_022552:exon19:c.C2202G:p.F734L,DNMT3A:NM_175629:exon19:c.C2202G:p.F734L,DNMT3A:NM_153759:exon15:c.C1635G:p.F545L,
2	48027843	A	G	.	1636	5	0	73	0	exonic	MSH6	synonymous	MSH6:NM_001281493:exon3:c.A1815G:p.V605V,MSH6:NM_000179:exon4:c.A2721G:p.V907V,MSH6:NM_001281494:exon4:c.A1815G:p.V605V,MSH6:NM_001281492:exon2:c.A2331G:p.V777V,
14	95590701	T	C	.	1633	16	0	77	0	exonic	DICER1	nonsynonymous	DICER1:NM_001291628:exon8:c.A1208G:p.N403S,DICER1:NM_001271282:exon8:c.A1208G:p.N403S,DICER1:NM_177438:exon8:c.A1208G:p.N403S,DICER1:NM_001195573:exon7:c.A1208G:p.N403S,DICER1:NM_030621:exon10:c.A1208G:p.N403S,
3	50386793	T	C	.	1356	5	0	84	0	intronic	NPRL2
16	74908141	C	A	.	1414	4	0	85	0	exonic	WDR59	nonsynonymous	WDR59:NM_030581:exon26:c.G2891T:p.C964F,
7	151945191	T	A	.	3167	124	0	86	0	exonic	KMT2C	synonymous	KMT2C:NM_170606:exon14:c.A2328T:p.I776I,
11	32413583	C	T	.	1444	4	0	86	0	exonic	WT1	nonsynonymous	WT1:NM_024424:exon9:c.G1367A:p.C456Y,WT1:NM_024426:exon9:c.G1367A:p.C456Y,WT1:NM_001198552:exon8:c.G680A:p.C227Y,WT1:NM_000378:exon8:c.G1316A:p.C439Y,WT1:NM_001198551:exon9:c.G731A:p.C244Y,
3	12645709	T	C	.	1455	4	0	87	0	exonic	RAF1	nonsynonymous	RAF1:NM_002880:exon7:c.A760G:p.R254G,
4	106164070	C	T	.	1748	38	0	87	0	exonic	TET2	nonsynonymous	TET2:NM_001127208:exon5:c.C3580T:p.P1194S,
11	62601987	C	A	.	983	4	0	88	0	exonic	WDR74	nonsynonymous	WDR74:NM_018093:exon8:c.G631T:p.D211Y,
6	111995886	T	C	.	893	8	0	92	0	intronic	FYN
14	62207684	T	G	.	1426	8	0	92	0	exonic	HIF1A	stopgain	HIF1A:NM_001243084:exon12:c.T1943G:p.L648X,HIF1A:NM_001530:exon12:c.T1871G:p.L624X,HIF1A:NM_181054:exon12:c.T1871G:p.L624X,
3	47205432	G	A	.	39	15	0	96	0.0013	UTR5	SETD2(NM_014159:c.-18C>T)
X	66909465	A	C	.	1086	5	0	98	0	intronic	AR
15	38643703	T	A	.	2072	17	0	100	0	exonic	SPRED1	stopgain	SPRED1:NM_152594:exon7:c.T1173A:p.C391X,
4	106190834	T	A	.	2149	21	0	110	0	exonic	TET2	nonsynonymous	TET2:NM_001127208:exon9:c.T4112A:p.V1371D,
20	36030047	T	C	.	1480	22	0	111	0	exonic	SRC	nonsynonymous	SRC:NM_005417:exon11:c.T1082C:p.L361P,SRC:NM_198291:exon11:c.T1082C:p.L361P,
1	11199731	G	A	.	833	4	0	113	0	intronic	MTOR
2	47693893	A	G	.	1617	4	0	115	0	exonic	MSH2	nonsynonymous	MSH2:NM_000251:exon10:c.A1607G:p.N536S,MSH2:NM_001258281:exon11:c.A1409G:p.N470S,
5	56180528	A	T	.	1357	4	0	115	0.0001	exonic	MAP3K1	nonsynonymous	MAP3K1:NM_005921:exon16:c.A3857T:p.E1286V,
16	740059	A	T	.	1425	17	0	115	0	UTR5	WDR24(NM_001303027:c.-419T>A,NM_032259:c.-419T>A)
X	123176429	A	T	.	1251	9	0	117	0	exonic	STAG2	synonymous	STAG2:NM_001042751:exon7:c.A396T:p.T132T,STAG2:NM_001042750:exon7:c.A396T:p.T132T,STAG2:NM_001282418:exon7:c.A396T:p.T132T,STAG2:NM_006603:exon6:c.A396T:p.T132T,STAG2:NM_001042749:exon7:c.A396T:p.T132T,
7	151970884	A	C	.	1454	36	0	124	0	exonic	KMT2C	stopgain	KMT2C:NM_170606:exon7:c.T918G:p.Y306X,
16	139879	C	A	.	452	4	0	124	0	exonic	NPRL3	unknown	UNKNOWN
7	55223580	A	G	.	1626	9	0	125	3.232e-05	exonic	EGFR	nonsynonymous	EGFR:NM_201283:exon8:c.A947G:p.Y316C,EGFR:NM_005228:exon8:c.A947G:p.Y316C,EGFR:NM_201284:exon8:c.A947G:p.Y316C,EGFR:NM_201282:exon8:c.A947G:p.Y316C,
22	23654033	G	A	.	1015	10	0	126	0	intronic	BCR
14	105239418	G	T	.	1664	4	0	128	0	exonic	AKT1	nonsynonymous	AKT1:NM_001014431:exon11:c.C969A:p.D323E,AKT1:NM_005163:exon11:c.C969A:p.D323E,AKT1:NM_001014432:exon12:c.C969A:p.D323E,
X	123234407	T	C	.	479	204	0	130	0.0006	intronic	STAG2
19	42794829	A	G	.	849	15	0	133	0	exonic	CIC	nonsynonymous	CIC:NM_001304815:exon11:c.A4636G:p.K1546E,CIC:NM_015125:exon10:c.A1909G:p.K637E,
2	198270128	T	C	.	1632	4	0	135	0	exonic	SF3B1	synonymous	SF3B1:NM_012433:exon10:c.A1308G:p.T436T,
7	151962273	G	A	.	1109	24	0	136	0	exonic	KMT2C	nonsynonymous	KMT2C:NM_170606:exon8:c.C1034T:p.A345V,
7	151904343	C	A	.	550	4	0	137	0	intronic	KMT2C
17	29556953	G	A	.	652	4	0	137	0	exonic	NF1	nonsynonymous	NF1:NM_001042492:exon22:c.G2951A:p.G984E,NF1:NM_000267:exon22:c.G2951A:p.G984E,
4	55948720	C	A	.	1522	4	0	139	0	exonic	KDR	nonsynonymous	KDR:NM_002253:exon28:c.G3745T:p.V1249L,
5	170833406	T	C	.	1065	4	0	141	0	exonic	NPM1	synonymous	NPM1:NM_001037738:exon10:c.T777C:p.H259H,
7	116403170	C	G	.	1736	4	0	143	0	exonic	MET	nonsynonymous	MET:NM_000245:exon11:c.C2431G:p.L811V,MET:NM_001127500:exon11:c.C2485G:p.L829V,
12	4383411	G	A	.	547	9	0	143	0	ncRNA_intronic	CCND2-AS1
10	43615637	G	A	.	1196	5	0	146	0	exonic	RET	nonsynonymous	RET:NM_020975:exon15:c.G2716A:p.V906M,RET:NM_020630:exon15:c.G2716A:p.V906M,
17	29684334	T	C	.	2894	13	0	150	0	exonic	NF1	synonymous	NF1:NM_001042492:exon54:c.T7917C:p.L2639L,NF1:NM_000267:exon53:c.T7854C:p.L2618L,
2	212293083	A	G	.	444	4	0	152	0	intronic	ERBB4
2	25458661	T	C	.	2033	6	0	155	0	exonic	DNMT3A	nonsynonymous	DNMT3A:NM_022552:exon22:c.A2512G:p.N838D,DNMT3A:NM_175629:exon22:c.A2512G:p.N838D,DNMT3A:NM_153759:exon18:c.A1945G:p.N649D,
7	151962292	T	C	.	1162	7	0	155	0	exonic	KMT2C	nonsynonymous	KMT2C:NM_170606:exon8:c.A1015G:p.K339E,
22	29107895	A	G	.	1935	16	0	155	3.231e-05	splicing	CHEK2(NM_145862:exon7:c.792+2T>C,NM_007194:exon7:c.792+2T>C,NM_001257387:exon8:c.129+2T>C,NM_001005735:exon8:c.921+2T>C)
11	62601753	C	T	.	756	8	0	157	0	exonic	WDR74	nonsynonymous	WDR74:NM_018093:exon9:c.G770A:p.R257Q,
19	48249040	G	A	.	57	23	0	157	3.24e-05	exonic	GLTSCR2	nonsynonymous	GLTSCR2:NM_015710:exon1:c.G224A:p.G75D,
2	212488632	T	C	.	1011	5	0	158	0.0238	intronic	ERBB4
3	178916976	A	G	.	616	5	0	158	0.0004	intronic	PIK3CA
7	6026839	A	G	.	1652	4	0	158	0.0099	exonic	PMS2	synonymous	PMS2:NM_000535:exon11:c.T1557C:p.Y519Y,
16	2120585	G	A	.	1389	5	0	158	0.0005	intronic	TSC2
4	106180901	A	T	.	1782	16	0	163	0	exonic	TET2	nonsynonymous	TET2:NM_001127208:exon7:c.A3929T:p.K1310M,
7	151945302	A	G	.	2101	10	0	165	0	exonic	KMT2C	synonymous	KMT2C:NM_170606:exon14:c.T2217C:p.S739S,
2	29543674	G	C	.	1374	5	0	166	0	exonic	ALK	nonsynonymous	ALK:NM_004304:exon7:c.C1489G:p.H497D,
15	67462882	C	T	.	1635	5	0	167	0	intronic	SMAD3
16	735759	T	C	.	3119	16	0	167	0	exonic	WDR24	nonsynonymous	WDR24:NM_032259:exon6:c.A1598G:p.D533G,WDR24:NM_001303027:exon6:c.A1598G:p.D533G,
3	178936083	A	T	.	1301	4	0	168	0	exonic	PIK3CA	nonsynonymous	PIK3CA:NM_006218:exon10:c.A1625T:p.E542V,
16	2136212	A	G	.	2252	5	0	168	0	exonic	TSC2	nonsynonymous	TSC2:NM_001114382:exon36:c.A4612G:p.I1538V,TSC2:NM_001077183:exon35:c.A4480G:p.I1494V,TSC2:NM_000548:exon37:c.A4681G:p.I1561V,
22	24135809	T	A	.	1728	5	0	168	0	exonic	SMARCB1	nonsynonymous	SMARCB1:NM_003073:exon3:c.T296A:p.I99N,SMARCB1:NM_001007468:exon3:c.T269A:p.I90N,
4	55153602	T	A	.	2624	6	0	169	0	exonic	PDGFRA	nonsynonymous	PDGFRA:NM_006206:exon19:c.T2568A:p.F856L,
19	18279515	C	T	.	69	7	0	170	0	intronic	PIK3R2
X	66942766	T	C	.	1354	4	0	171	0	exonic	AR	synonymous	AR:NM_001011645:exon7:c.T951C:p.N317N,AR:NM_000044:exon7:c.T2547C:p.N849N,
X	123197045	G	A	.	714	5	0	171	0	exonic	STAG2	nonsynonymous	STAG2:NM_001042751:exon19:c.G1811A:p.R604Q,STAG2:NM_001042750:exon19:c.G1811A:p.R604Q,STAG2:NM_001282418:exon19:c.G1811A:p.R604Q,STAG2:NM_006603:exon18:c.G1811A:p.R604Q,STAG2:NM_001042749:exon19:c.G1811A:p.R604Q,
3	37081709	G	T	.	1773	4	0	172	0	exonic	MLH1	nonsynonymous	MLH1:NM_001258273:exon13:c.G868T:p.V290L,MLH1:NM_001167618:exon14:c.G868T:p.V290L,MLH1:NM_000249:exon14:c.G1591T:p.V531L,MLH1:NM_001167619:exon13:c.G868T:p.V290L,MLH1:NM_001258274:exon15:c.G868T:p.V290L,MLH1:NM_001167617:exon14:c.G1297T:p.V433L,MLH1:NM_001258271:exon14:c.G1591T:p.V531L,
4	55598024	C	G	.	927	4	0	174	3.238e-05	intronic	KIT
7	140477861	T	C	.	798	14	0	174	0	exonic	BRAF	nonsynonymous	BRAF:NM_004333:exon12:c.A1447G:p.K483E,
14	95560357	G	C	.	1445	11	0	176	0	exonic	DICER1	nonsynonymous	DICER1:NM_001291628:exon24:c.C5232G:p.I1744M,DICER1:NM_001271282:exon24:c.C5232G:p.I1744M,DICER1:NM_177438:exon24:c.C5232G:p.I1744M,DICER1:NM_001195573:exon23:c.C5232G:p.I1744M,DICER1:NM_030621:exon26:c.C5232G:p.I1744M,
3	47084194	C	A	.	995	4	0	177	0	intronic	SETD2
7	151860547	T	C	.	2637	11	0	178	3.228e-05	exonic	KMT2C	nonsynonymous	KMT2C:NM_170606:exon43:c.A10115G:p.N3372S,
19	42777258	C	G	.	1170	4	0	179	0	exonic	CIC	synonymous	CIC:NM_001304815:exon2:c.C1323G:p.P441P,
1	11199600	C	T	.	991	4	0	183	0	exonic	MTOR	nonsynonymous	MTOR:NM_004958:exon35:c.G4988A:p.S1663N,
5	149434851	A	C	.	1492	10	0	183	6.46e-05	exonic	CSF1R	nonsynonymous	CSF1R:NM_001288705:exon19:c.T2603G:p.L868R,CSF1R:NM_005211:exon20:c.T2603G:p.L868R,
7	55224175	T	C	.	424	5	0	183	0	intronic	EGFR
19	17949090	A	T	.	955	12	0	183	0.0007	exonic	JAK3	synonymous	JAK3:NM_000215:exon11:c.T1551A:p.P517P,
5	149457821	G	A	.	944	4	0	186	0	intronic	CSF1R
19	15271770	C	T	.	418	7	0	187	0	exonic	NOTCH3	synonymous	NOTCH3:NM_000435:exon33:c.G6669A:p.A2223A,
22	32289676	A	C	.	1554	5	0	188	0	exonic	DEPDC5	nonsynonymous	DEPDC5:NM_001136029:exon38:c.A4115C:p.N1372T,DEPDC5:NM_001242897:exon36:c.A3842C:p.N1281T,DEPDC5:NM_001242896:exon39:c.A4142C:p.N1381T,DEPDC5:NM_014662:exon37:c.A4049C:p.N1350T,
2	25464573	A	C	.	1597	5	0	190	0	exonic	DNMT3A	nonsynonymous	DNMT3A:NM_022552:exon17:c.T1940G:p.L647R,DNMT3A:NM_175629:exon17:c.T1940G:p.L647R,DNMT3A:NM_153759:exon13:c.T1373G:p.L458R,
4	106155256	A	T	.	2517	7	0	192	0	exonic	TET2	stopgain	TET2:NM_017628:exon3:c.A157T:p.K53X,TET2:NM_001127208:exon3:c.A157T:p.K53X,
7	151926971	C	T	.	1846	129	0	193	0	intronic	KMT2C
11	533441	G	T	.	798	4	0	196	0	intronic	HRAS
7	42017162	T	A	.	1269	4	0	197	0	exonic	GLI3	nonsynonymous	GLI3:NM_000168:exon12:c.A1807T:p.N603Y,
4	106182972	T	A	.	1319	4	0	200	0	exonic	TET2	stopgain	TET2:NM_001127208:exon8:c.T4011A:p.Y1337X,
13	28588635	T	C	.	1392	4	0	205	0	exonic	FLT3	nonsynonymous	FLT3:NM_004119:exon23:c.A2813G:p.N938S,
20	31021689	C	T	.	1073	9	0	206	0	exonic	ASXL1	nonsynonymous	ASXL1:NM_015338:exon11:c.C1688T:p.T563I,
7	55221833	A	G	.	2585	5	0	209	0	exonic	EGFR	nonsynonymous	EGFR:NM_201283:exon7:c.A877G:p.K293E,EGFR:NM_005228:exon7:c.A877G:p.K293E,EGFR:NM_201284:exon7:c.A877G:p.K293E,EGFR:NM_201282:exon7:c.A877G:p.K293E,
17	74732285	A	C	.	1995	7	0	209	0	exonic	SRSF2	nonsynonymous	SRSF2:NM_003016:exon2:c.T624G:p.S208R,SRSF2:NM_001195427:exon2:c.T624G:p.S208R,
17	74732287	T	C	.	2017	8	0	209	0	exonic	SRSF2	nonsynonymous	SRSF2:NM_003016:exon2:c.A622G:p.S208G,SRSF2:NM_001195427:exon2:c.A622G:p.S208G,
17	74732299	A	C	.	2189	11	0	209	0	exonic	SRSF2	nonsynonymous	SRSF2:NM_003016:exon2:c.T610G:p.S204A,SRSF2:NM_001195427:exon2:c.T610G:p.S204A,
5	67592038	T	C	.	1843	10	0	211	0	exonic	PIK3R1	synonymous	PIK3R1:NM_001242466:exon8:c.T765C:p.H255H,PIK3R1:NM_181523:exon15:c.T1854C:p.H618H,PIK3R1:NM_181524:exon9:c.T954C:p.H318H,PIK3R1:NM_181504:exon9:c.T1044C:p.H348H,
9	133760459	C	T	.	2210	5	0	211	0.0008	exonic	ABL1	synonymous	ABL1:NM_007313:exon11:c.C2839T:p.L947L,ABL1:NM_005157:exon11:c.C2782T:p.L928L,
19	15308398	G	C	.	272	6	0	211	0	intronic	NOTCH3
1	11273003	G	A	.	560	6	0	214	0.0106	intronic	MTOR
2	29551394	A	T	.	779	7	0	214	0.0283	intronic	ALK
2	39294787	T	G	.	1479	19	0	214	0.0358	exonic	SOS1	synonymous	SOS1:NM_005633:exon2:c.A195C:p.R65R,
2	47602353	A	G	.	660	12	0	214	0.0179	intronic	EPCAM
2	47613788	G	A	.	436	5	0	214	0.0143	UTR3	EPCAM(NM_002354:c.*36G>A)
2	198281489	T	C	.	1576	18	0	214	0.0166	exonic	SF3B1	synonymous	SF3B1:NM_012433:exon6:c.A642G:p.K214K,
2	209106875	A	G	.	839	7	0	214	0.0100	intronic	IDH1
2	212537994	T	A	.	913	7	0	214	0.0136	intronic	ERBB4
4	1803394	G	A	.	1181	6	0	214	0.0046	exonic	FGFR3	synonymous	FGFR3:NM_022965:exon6:c.G663A:p.S221S,FGFR3:NM_001163213:exon6:c.G663A:p.S221S,FGFR3:NM_000142:exon6:c.G663A:p.S221S,
4	106157870	A	G	.	2070	47	0	214	0.0064	exonic	TET2	nonsynonymous	TET2:NM_017628:exon3:c.A2771G:p.H924R,TET2:NM_001127208:exon3:c.A2771G:p.H924R,
5	1253789	G	A	.	277	5	0	214	0.0010	UTR3	TERT(NM_001193376:c.*54C>T,NM_198253:c.*54C>T)
5	149439258	G	A	.	1261	7	0	214	0.0447	intronic	CSF1R
6	112015823	G	T	.	1782	18	0	214	0.0231	intronic	FYN
7	151879590	T	C	.	1102	11	0	214	0.0011	exonic	KMT2C	synonymous	KMT2C:NM_170606:exon36:c.A5355G:p.Q1785Q,
7	151962094	C	T	.	1916	97	0	214	0	intronic	KMT2C
9	21968695	G	A	.	875	7	0	214	0.0008	UTR3	CDKN2A(NM_001195132:c.*29C>T)
9	110249415	T	C	.	1859	26	0	214	0.0045	exonic	KLF4	synonymous	KLF4:NM_004235:exon4:c.A1158G:p.R386R,
10	43596182	G	A	.	175	5	0	214	0.0017	intronic	RET
11	119142514	T	C	.	1315	6	0	214	0.0064	exonic	CBL	synonymous	CBL:NM_005188:exon3:c.T513C:p.S171S,
11	119155732	G	A	.	931	7	0	214	0.0048	exonic	CBL	synonymous	CBL:NM_005188:exon10:c.G1485A:p.P495P,
12	49446040	C	T	.	921	7	0	214	0.0853	exonic	KMT2D	nonsynonymous	KMT2D:NM_003482:exon10:c.G1426A:p.A476T,
17	40483466	C	A	.	563	4	0	214	0.0738	intronic	STAT3
19	48255772	C	T	.	1775	18	0	214	0.0067	exonic	GLTSCR2	nonsynonymous	GLTSCR2:NM_015710:exon6:c.C673T:p.P225S,
X	132670269	T	C	.	2462	24	0	214	0.0508	exonic	GPC3	synonymous	GPC3:NM_001164618:exon8:c.A1578G:p.A526A,GPC3:NM_004484:exon8:c.A1626G:p.A542A,GPC3:NM_001164617:exon9:c.A1695G:p.A565A,GPC3:NM_001164619:exon7:c.A1464G:p.A488A,
2	39283982	T	C	.	1107	6	0	217	0	exonic	SOS1	nonsynonymous	SOS1:NM_005633:exon4:c.A371G:p.H124R,
1	11303238	T	C	.	2079	5	0	218	0	exonic	MTOR	nonsynonymous	MTOR:NM_004958:exon9:c.A1345G:p.K449E,
2	25463550	T	C	.	1664	6	0	220	0	exonic	DNMT3A	nonsynonymous	DNMT3A:NM_022552:exon18:c.A2132G:p.N711S,DNMT3A:NM_175629:exon18:c.A2132G:p.N711S,DNMT3A:NM_153759:exon14:c.A1565G:p.N522S,
2	25466811	C	G	.	1323	7	0	220	0	exonic	DNMT3A	nonsynonymous	DNMT3A:NM_022552:exon16:c.G1892C:p.R631T,DNMT3A:NM_175629:exon16:c.G1892C:p.R631T,DNMT3A:NM_153759:exon12:c.G1325C:p.R442T,
7	151933047	T	G	.	901	5	0	222	0	intronic	KMT2C
X	66765188	A	T	.	452	5	0	222	0	exonic	AR	nonsynonymous	AR:NM_000044:exon1:c.A200T:p.Q67L,
X	66765198	G	A	.	599	4	0	222	0	exonic	AR	synonymous	AR:NM_000044:exon1:c.G210A:p.Q70Q,
8	38275752	C	T	.	1419	47	0	223	3.229e-05	exonic	FGFR1	nonsynonymous	FGFR1:NM_023105:exon9:c.G1157A:p.R386Q,FGFR1:NM_023106:exon9:c.G1151A:p.R384Q,FGFR1:NM_001174065:exon10:c.G1418A:p.R473Q,FGFR1:NM_023110:exon10:c.G1424A:p.R475Q,FGFR1:NM_001174064:exon11:c.G1394A:p.R465Q,FGFR1:NM_001174063:exon10:c.G1418A:p.R473Q,FGFR1:NM_001174067:exon11:c.G1517A:p.R506Q,FGFR1:NM_015850:exon10:c.G1418A:p.R473Q,FGFR1:NM_001174066:exon9:c.G1157A:p.R386Q,
17	29663492	G	C	.	1107	5	0	223	0	splicing	NF1(NM_001042492:exon41:c.6147+1G>C,NM_000267:exon40:c.6084+1G>C)
10	115537186	T	C	.	2152	6	0	225	0	exonic	PLEKHS1	synonymous	PLEKHS1:NM_182601:exon12:c.T1185C:p.L395L,
15	66777319	C	T	.	923	4	0	225	0	intronic	MAP2K1
3	12626769	A	G	.	1414	4	0	228	0	intronic	RAF1
11	107832698	A	G	.	1706	4	0	228	0	exonic	RAB39A	nonsynonymous	RAB39A:NM_017516:exon2:c.A254G:p.N85S,
20	51870150	C	T	.	1601	4	0	228	0	exonic	TSHZ2	synonymous	TSHZ2:NM_001193421:exon2:c.C144T:p.D48D,TSHZ2:NM_173485:exon2:c.C153T:p.D51D,
X	41205801	T	C	.	1542	4	0	229	0	exonic	DDX3X	nonsynonymous	DDX3X:NM_001356:exon14:c.T1541C:p.I514T,DDX3X:NM_001193416:exon14:c.T1541C:p.I514T,DDX3X:NM_001193417:exon13:c.T1493C:p.I498T,
7	140507887	T	G	.	1156	4	0	230	0	intronic	BRAF
20	31023173	A	G	.	1393	4	0	232	0	exonic	ASXL1	synonymous	ASXL1:NM_015338:exon12:c.A2658G:p.K886K,
9	98279036	C	G	.	1026	4	0	233	0	exonic	PTCH1	nonsynonymous	PTCH1:NM_001083603:exon1:c.G67C:p.G23R,
X	41206667	C	T	.	1223	10	0	233	0	exonic	DDX3X	synonymous	DDX3X:NM_001356:exon16:c.C1872T:p.G624G,DDX3X:NM_001193416:exon16:c.C1869T:p.G623G,DDX3X:NM_001193417:exon15:c.C1824T:p.G608G,
1	244006415	C	T	.	1599	14	0	236	0.0002	intronic	AKT3
17	40483490	T	C	.	1016	5	0	236	0	exonic	STAT3	nonsynonymous	STAT3:NM_003150:exon11:c.A1109G:p.K370R,STAT3:NM_139276:exon11:c.A1109G:p.K370R,STAT3:NM_213662:exon11:c.A1109G:p.K370R,
2	25467409	C	A	.	1995	9	0	240	0	exonic	DNMT3A	nonsynonymous	DNMT3A:NM_022552:exon14:c.G1667T:p.R556M,DNMT3A:NM_175629:exon14:c.G1667T:p.R556M,DNMT3A:NM_153759:exon10:c.G1100T:p.R367M,
4	106162585	A	G	.	1754	7	0	240	0	exonic	TET2	nonsynonymous	TET2:NM_001127208:exon4:c.A3499G:p.R1167G,
14	62162534	C	T	.	1950	15	0	242	0	exonic	HIF1A	synonymous	HIF1A:NM_001530:exon1:c.C12T:p.A4A,HIF1A:NM_181054:exon1:c.C12T:p.A4A,
22	29099545	T	G	.	290	4	0	242	0	exonic	CHEK2	nonsynonymous	CHEK2:NM_007194:exon8:c.A856C:p.I286L,CHEK2:NM_145862:exon8:c.A856C:p.I286L,CHEK2:NM_001257387:exon9:c.A193C:p.I65L,CHEK2:NM_001005735:exon9:c.A985C:p.I329L,
17	40371276	C	T	.	52	21	0	243	0	intronic	STAT5B
22	32180808	T	G	.	1190	4	0	245	0	exonic	DEPDC5	nonsynonymous	DEPDC5:NM_001136029:exon9:c.T571G:p.Y191D,DEPDC5:NM_001242897:exon10:c.T571G:p.Y191D,DEPDC5:NM_001242896:exon10:c.T571G:p.Y191D,DEPDC5:NM_001007188:exon10:c.T571G:p.Y191D,DEPDC5:NM_014662:exon9:c.T571G:p.Y191D,
X	41205612	G	A	.	576	9	0	245	0	exonic	DDX3X	synonymous	DDX3X:NM_001356:exon13:c.G1446A:p.E482E,DDX3X:NM_001193416:exon13:c.G1446A:p.E482E,DDX3X:NM_001193417:exon12:c.G1398A:p.E466E,
12	25380309	G	A	.	1224	13	0	246	3.229e-05	exonic	KRAS	nonsynonymous	KRAS:NM_033360:exon3:c.C149T:p.T50I,KRAS:NM_004985:exon3:c.C149T:p.T50I,
16	74943471	T	C	.	1243	5	0	246	0.0094	exonic	WDR59	nonsynonymous	WDR59:NM_030581:exon16:c.A1570G:p.T524A,
19	18279530	C	T	.	297	5	0	246	0	intronic	PIK3R2
7	151933008	G	A	.	2389	44	0	248	3.231e-05	exonic	KMT2C	nonsynonymous	KMT2C:NM_170606:exon16:c.C2663T:p.S888F,
17	7577146	T	C	.	837	4	0	250	0	exonic	TP53	synonymous	TP53:NM_001276697:exon4:c.A315G:p.L105L,TP53:NM_001276760:exon8:c.A675G:p.L225L,TP53:NM_001276695:exon8:c.A675G:p.L225L,TP53:NM_001126115:exon4:c.A396G:p.L132L,TP53:NM_001276698:exon4:c.A315G:p.L105L,TP53:NM_001126112:exon8:c.A792G:p.L264L,TP53:NM_001126114:exon8:c.A792G:p.L264L,TP53:NM_001126118:exon7:c.A675G:p.L225L,TP53:NM_001276696:exon8:c.A675G:p.L225L,TP53:NM_000546:exon8:c.A792G:p.L264L,TP53:NM_001126113:exon8:c.A792G:p.L264L,TP53:NM_001276699:exon4:c.A315G:p.L105L,TP53:NM_001126116:exon4:c.A396G:p.L132L,TP53:NM_001276761:exon8:c.A675G:p.L225L,TP53:NM_001126117:exon4:c.A396G:p.L132L,
7	42012059	T	C	.	2674	5	0	252	0	exonic	GLI3	synonymous	GLI3:NM_000168:exon13:c.A1980G:p.S660S,
7	151882691	A	T	.	1797	4	0	253	0	exonic	KMT2C	synonymous	KMT2C:NM_170606:exon34:c.T5034A:p.I1678I,
1	193181238	T	C	.	783	6	0	254	6.462e-05	intronic	CDC73
4	153332495	A	C	.	1786	6	0	254	9.701e-05	exonic	FBXW7	nonsynonymous	FBXW7:NM_001257069:exon4:c.T461G:p.V154G,FBXW7:NM_033632:exon2:c.T461G:p.V154G,
5	149433844	G	A	.	1903	18	0	254	0.0002	intronic	CSF1R
14	62207848	C	G	.	631	4	0	254	0.0002	exonic	HIF1A	nonsynonymous	HIF1A:NM_001243084:exon12:c.C2107G:p.Q703E,HIF1A:NM_001530:exon12:c.C2035G:p.Q679E,HIF1A:NM_181054:exon12:c.C2035G:p.Q679E,
19	17954130	T	C	.	370	4	0	254	0.0246	intronic	JAK3
19	17954215	G	T	.	1013	4	0	254	0.0247	exonic	JAK3	nonsynonymous	JAK3:NM_000215:exon4:c.C394A:p.P132T,
20	57483093	T	C	.	1252	8	0	257	0	intronic	GNAS
17	66524833	C	A	.	1047	4	0	258	0	intronic	PRKAR1A
4	55147687	T	C	.	1055	4	0	259	0	intronic	PDGFRA
X	70339630	A	G	.	1282	11	0	264	0	exonic	MED12	nonsynonymous	MED12:NM_005120:exon3:c.A299G:p.D100G,
2	212566725	C	T	.	3140	8	0	266	0	exonic	ERBB4	nonsynonymous	ERBB4:NM_005235:exon12:c.G1456A:p.V486I,ERBB4:NM_001042599:exon12:c.G1456A:p.V486I,
3	12641745	T	C	.	2749	11	0	266	0	exonic	RAF1	nonsynonymous	RAF1:NM_002880:exon9:c.A896G:p.N299S,
1	78433216	C	G	.	556	6	0	268	0	intronic	FUBP1
17	7579329	T	C	.	467	4	0	268	0	exonic	TP53	nonsynonymous	TP53:NM_001276760:exon4:c.A241G:p.K81E,TP53:NM_001276695:exon4:c.A241G:p.K81E,TP53:NM_001126112:exon4:c.A358G:p.K120E,TP53:NM_001126114:exon4:c.A358G:p.K120E,TP53:NM_001126118:exon3:c.A241G:p.K81E,TP53:NM_001276696:exon4:c.A241G:p.K81E,TP53:NM_000546:exon4:c.A358G:p.K120E,TP53:NM_001126113:exon4:c.A358G:p.K120E,TP53:NM_001276761:exon4:c.A241G:p.K81E,
7	92244575	T	C	.	930	4	0	269	0	exonic	CDK6	nonsynonymous	CDK6:NM_001145306:exon8:c.A860G:p.K287R,CDK6:NM_001259:exon8:c.A860G:p.K287R,
2	25466791	A	T	.	1158	29	0	270	0	exonic	DNMT3A	nonsynonymous	DNMT3A:NM_022552:exon16:c.T1912A:p.S638T,DNMT3A:NM_175629:exon16:c.T1912A:p.S638T,DNMT3A:NM_153759:exon12:c.T1345A:p.S449T,
4	106180785	C	G	.	2078	6	0	270	0	exonic	TET2	nonsynonymous	TET2:NM_001127208:exon7:c.C3813G:p.C1271W,
17	7577100	T	C	.	1320	17	0	270	0	exonic	TP53	nonsynonymous	TP53:NM_001276697:exon4:c.A361G:p.R121G,TP53:NM_001276760:exon8:c.A721G:p.R241G,TP53:NM_001276695:exon8:c.A721G:p.R241G,TP53:NM_001126115:exon4:c.A442G:p.R148G,TP53:NM_001276698:exon4:c.A361G:p.R121G,TP53:NM_001126112:exon8:c.A838G:p.R280G,TP53:NM_001126114:exon8:c.A838G:p.R280G,TP53:NM_001126118:exon7:c.A721G:p.R241G,TP53:NM_001276696:exon8:c.A721G:p.R241G,TP53:NM_000546:exon8:c.A838G:p.R280G,TP53:NM_001126113:exon8:c.A838G:p.R280G,TP53:NM_001276699:exon4:c.A361G:p.R121G,TP53:NM_001126116:exon4:c.A442G:p.R148G,TP53:NM_001276761:exon8:c.A721G:p.R241G,TP53:NM_001126117:exon4:c.A442G:p.R148G,
7	92247416	A	G	.	1647	4	0	274	0	exonic	CDK6	synonymous	CDK6:NM_001145306:exon7:c.T804C:p.D268D,CDK6:NM_001259:exon7:c.T804C:p.D268D,
7	92247422	T	C	.	1776	4	0	274	0	exonic	CDK6	synonymous	CDK6:NM_001145306:exon7:c.A798G:p.V266V,CDK6:NM_001259:exon7:c.A798G:p.V266V,
17	40468842	C	T	.	1724	4	0	276	0	exonic	STAT3	nonsynonymous	STAT3:NM_003150:exon23:c.G2219A:p.G740D,STAT3:NM_139276:exon23:c.G2222A:p.G741D,
22	29091113	A	G	.	1564	14	0	276	0	splicing	CHEK2(NM_145862:exon12:c.1288+2T>C,NM_007194:exon13:c.1375+2T>C,NM_001257387:exon14:c.712+2T>C,NM_001005735:exon14:c.1504+2T>C)
4	41748259	G	T	.	481	4	0	278	0	exonic	PHOX2B	synonymous	PHOX2B:NM_003924:exon3:c.C510A:p.G170G,
4	106193778	C	A	.	1859	5	0	278	0	exonic	TET2	nonsynonymous	TET2:NM_001127208:exon10:c.C4240A:p.Q1414K,
7	148512142	A	G	.	513	5	0	278	0	intronic	EZH2
7	106545807	A	G	.	1199	14	0	281	0.0001	exonic	PIK3CG	nonsynonymous	PIK3CG:NM_001282426:exon11:c.A3284G:p.K1095R,PIK3CG:NM_002649:exon11:c.A3284G:p.K1095R,PIK3CG:NM_001282427:exon11:c.A3284G:p.K1095R,
X	76939404	T	A	.	1557	5	0	283	0	exonic	ATRX	nonsynonymous	ATRX:NM_138270:exon8:c.A1230T:p.K410N,ATRX:NM_000489:exon9:c.A1344T:p.K448N,
3	41280780	G	T	.	1352	4	0	284	0	exonic	CTNNB1	nonsynonymous	CTNNB1:NM_001098210:exon15:c.G2293T:p.G765W,CTNNB1:NM_001904:exon15:c.G2293T:p.G765W,CTNNB1:NM_001098209:exon15:c.G2293T:p.G765W,
2	25463590	A	G	.	2478	6	0	285	0	exonic	DNMT3A	nonsynonymous	DNMT3A:NM_022552:exon18:c.T2092C:p.W698R,DNMT3A:NM_175629:exon18:c.T2092C:p.W698R,DNMT3A:NM_153759:exon14:c.T1525C:p.W509R,
2	25463301	A	C	.	1121	4	0	288	0	exonic	DNMT3A	nonsynonymous	DNMT3A:NM_022552:exon19:c.T2192G:p.F731C,DNMT3A:NM_175629:exon19:c.T2192G:p.F731C,DNMT3A:NM_153759:exon15:c.T1625G:p.F542C,
15	38545453	C	A	.	1193	4	0	289	0	intronic	SPRED1
19	42793219	C	A	.	1775	4	0	289	0	exonic	CIC	nonsynonymous	CIC:NM_001304815:exon8:c.C3838A:p.Q1280K,CIC:NM_015125:exon7:c.C1111A:p.Q371K,
4	106164863	T	G	.	1748	4	0	291	0	exonic	TET2	nonsynonymous	TET2:NM_001127208:exon6:c.T3731G:p.L1244R,
9	5070044	T	C	.	1216	4	0	291	0	exonic	JAK2	synonymous	JAK2:NM_004972:exon12:c.T1633C:p.L545L,
2	25463308	G	A	.	748	4	0	297	0	exonic	DNMT3A	nonsynonymous	DNMT3A:NM_022552:exon19:c.C2185T:p.R729W,DNMT3A:NM_175629:exon19:c.C2185T:p.R729W,DNMT3A:NM_153759:exon15:c.C1618T:p.R540W,
7	151927156	T	C	.	1378	103	0	297	0	intronic	KMT2C
5	56181870	T	C	.	968	5	0	298	0	exonic	MAP3K1	nonsynonymous	MAP3K1:NM_005921:exon17:c.T4094C:p.I1365T,
19	47111750	A	T	.	2573	7	0	298	0	exonic	CALM3	nonsynonymous	CALM3:NM_005184:exon4:c.A190T:p.I64F,
16	68867274	G	A	.	1729	4	0	299	3.228e-05	exonic	CDH1	nonsynonymous	CDH1:NM_004360:exon16:c.G2521A:p.E841K,
4	55155090	G	T	.	813	5	0	300	0	intronic	PDGFRA
X	70352824	A	G	.	695	6	0	300	0	intronic	MED12
1	1718768	C	T	.	1164	8	0	303	3.229e-05	UTR3	GNB1(NM_002074:c.*2G>A,NM_001282538:c.*2G>A,NM_001282539:c.*2G>A)
2	25467083	G	A	.	1631	6	0	305	0	exonic	DNMT3A	stopgain	DNMT3A:NM_022552:exon15:c.C1792T:p.R598X,DNMT3A:NM_175629:exon15:c.C1792T:p.R598X,DNMT3A:NM_153759:exon11:c.C1225T:p.R409X,
7	152007114	T	C	.	1169	4	0	305	0	exonic	KMT2C	synonymous	KMT2C:NM_170606:exon6:c.A786G:p.V262V,
17	29657350	T	A	.	1097	9	0	305	0	exonic	NF1	stopgain	NF1:NM_001042492:exon39:c.T5646A:p.C1882X,NF1:NM_000267:exon38:c.T5583A:p.C1861X,
X	70361091	A	G	.	581	153	0	306	4.749e-05	exonic	MED12	synonymous	MED12:NM_005120:exon43:c.A6279G:p.Q2093Q,
X	70361103	G	A	.	778	62	0	306	0	exonic	MED12	synonymous	MED12:NM_005120:exon43:c.G6291A:p.Q2097Q,
X	70361106	G	A	.	785	40	0	306	0	exonic	MED12	synonymous	MED12:NM_005120:exon43:c.G6294A:p.Q2098Q,
X	13779271	T	A	.	1029	8	0	310	0	exonic	OFD1	synonymous	OFD1:NM_003611:exon17:c.T2328A:p.T776T,
17	29557401	G	A	.	1166	5	0	314	0	splicing	NF1(NM_001042492:exon23:c.3113+1G>A,NM_000267:exon23:c.3113+1G>A)
11	108192026	A	G	.	1262	12	0	318	0	splicing	ATM(NM_000051:exon45:c.6453-2A>G)
2	198274654	G	A	.	1033	22	0	321	0	exonic	SF3B1	synonymous	SF3B1:NM_012433:exon7:c.C744T:p.T248T,
3	178919198	A	G	.	1730	4	0	323	0	exonic	PIK3CA	nonsynonymous	PIK3CA:NM_006218:exon4:c.A683G:p.K228R,
12	49425116	C	T	.	2349	6	0	323	0	exonic	KMT2D	nonsynonymous	KMT2D:NM_003482:exon39:c.G13372A:p.A4458T,
2	25470545	A	G	.	3100	8	0	327	0	exonic	DNMT3A	nonsynonymous	DNMT3A:NM_022552:exon8:c.T929C:p.I310T,DNMT3A:NM_175629:exon8:c.T929C:p.I310T,DNMT3A:NM_153759:exon4:c.T362C:p.I121T,
20	31022576	T	A	.	2307	41	0	330	0	exonic	ASXL1	stopgain	ASXL1:NM_015338:exon12:c.T2061A:p.C687X,
X	70340061	A	C	.	903	224	0	330	0	intronic	MED12
4	55972962	C	T	.	1599	7	0	333	0	exonic	KDR	synonymous	KDR:NM_002253:exon11:c.G1428A:p.V476V,
19	42798807	A	C	.	1627	4	0	334	0	exonic	CIC	nonsynonymous	CIC:NM_001304815:exon20:c.A7106C:p.Y2369S,CIC:NM_015125:exon19:c.A4379C:p.Y1460S,
2	25463239	A	C	.	1471	4	0	337	0	exonic	DNMT3A	nonsynonymous	DNMT3A:NM_022552:exon19:c.T2254G:p.F752V,DNMT3A:NM_175629:exon19:c.T2254G:p.F752V,DNMT3A:NM_153759:exon15:c.T1687G:p.F563V,
8	128751077	A	G	.	2617	19	0	339	0	exonic	MYC	nonsynonymous	MYC:NM_002467:exon2:c.A614G:p.D205G,
2	25469624	T	A	.	1418	6	0	345	0	exonic	DNMT3A	stopgain	DNMT3A:NM_022552:exon10:c.A1144T:p.K382X,DNMT3A:NM_175629:exon10:c.A1144T:p.K382X,DNMT3A:NM_153759:exon6:c.A577T:p.K193X,
9	110250176	T	G	.	558	4	0	349	0	exonic	KLF4	nonsynonymous	KLF4:NM_004235:exon3:c.A499C:p.T167P,
9	110250178	C	T	.	560	4	0	349	0	exonic	KLF4	nonsynonymous	KLF4:NM_004235:exon3:c.G497A:p.G166D,
9	110250184	G	C	.	561	4	0	349	0	exonic	KLF4	nonsynonymous	KLF4:NM_004235:exon3:c.C491G:p.P164R,
9	110250185	G	C	.	559	4	0	349	0	exonic	KLF4	nonsynonymous	KLF4:NM_004235:exon3:c.C490G:p.P164A,
9	110250191	C	G	.	1056	4	0	349	0	exonic	KLF4	nonsynonymous	KLF4:NM_004235:exon3:c.G484C:p.V162L,
9	110250194	C	T	.	1084	4	0	349	0	exonic	KLF4	nonsynonymous	KLF4:NM_004235:exon3:c.G481A:p.G161S,
2	25470581	C	T	.	2512	5	0	350	0	exonic	DNMT3A	nonsynonymous	DNMT3A:NM_022552:exon8:c.G893A:p.G298E,DNMT3A:NM_175629:exon8:c.G893A:p.G298E,DNMT3A:NM_153759:exon4:c.G326A:p.G109E,
16	2105470	G	T	.	1346	4	0	350	0	exonic	TSC2	nonsynonymous	TSC2:NM_001114382:exon6:c.G549T:p.L183F,TSC2:NM_001077183:exon6:c.G549T:p.L183F,TSC2:NM_000548:exon6:c.G549T:p.L183F,
22	32215195	G	A	.	930	4	0	350	0	exonic	DEPDC5	nonsynonymous	DEPDC5:NM_001136029:exon21:c.G1854A:p.M618I,DEPDC5:NM_001242897:exon22:c.G1854A:p.M618I,DEPDC5:NM_001242896:exon22:c.G1854A:p.M618I,DEPDC5:NM_014662:exon21:c.G1854A:p.M618I,
14	95574825	T	A	.	973	5	0	352	0	exonic	DICER1	nonsynonymous	DICER1:NM_001291628:exon15:c.A2272T:p.R758W,DICER1:NM_001271282:exon15:c.A2272T:p.R758W,DICER1:NM_177438:exon15:c.A2272T:p.R758W,DICER1:NM_001195573:exon14:c.A2272T:p.R758W,DICER1:NM_030621:exon17:c.A2272T:p.R758W,
19	42798491	A	G	.	735	5	0	352	0	intronic	CIC
4	106158229	A	T	.	1413	16	0	354	0	exonic	TET2	stopgain	TET2:NM_017628:exon3:c.A3130T:p.K1044X,TET2:NM_001127208:exon3:c.A3130T:p.K1044X,
17	29556027	A	G	.	698	5	0	354	0	intronic	NF1
X	123197828	A	G	.	1071	4	0	356	0	exonic	STAG2	nonsynonymous	STAG2:NM_001042751:exon20:c.A1952G:p.D651G,STAG2:NM_001042750:exon20:c.A1952G:p.D651G,STAG2:NM_001282418:exon20:c.A1952G:p.D651G,STAG2:NM_006603:exon19:c.A1952G:p.D651G,STAG2:NM_001042749:exon20:c.A1952G:p.D651G,
